# ************************************************************
# Sequel Pro SQL dump
# Version 4499
#
# http://www.sequelpro.com/
# https://github.com/sequelpro/sequelpro
#
# Host: 127.0.0.1 (MySQL 5.5.35-0ubuntu0.12.04.2)
# Database: erp
# Generation Time: 2015-10-02 02:30:27 +0000
# ************************************************************


/*!40101 SET @OLD_CHARACTER_SET_CLIENT=@@CHARACTER_SET_CLIENT */;
/*!40101 SET @OLD_CHARACTER_SET_RESULTS=@@CHARACTER_SET_RESULTS */;
/*!40101 SET @OLD_COLLATION_CONNECTION=@@COLLATION_CONNECTION */;
/*!40101 SET NAMES utf8 */;
/*!40014 SET @OLD_FOREIGN_KEY_CHECKS=@@FOREIGN_KEY_CHECKS, FOREIGN_KEY_CHECKS=0 */;
/*!40101 SET @OLD_SQL_MODE=@@SQL_MODE, SQL_MODE='NO_AUTO_VALUE_ON_ZERO' */;
/*!40111 SET @OLD_SQL_NOTES=@@SQL_NOTES, SQL_NOTES=0 */;


# Dump of table erp_allocation
# ------------------------------------------------------------

DROP TABLE IF EXISTS `erp_allocation`;

CREATE TABLE `erp_allocation` (
  `id` int(10) unsigned NOT NULL AUTO_INCREMENT,
  `good_id` int(10) unsigned NOT NULL,
  `to_product_id` int(10) unsigned NOT NULL,
  `from_product_id` int(10) unsigned NOT NULL,
  `to_warehouse_id` int(10) unsigned NOT NULL,
  `from_warehouse_id` int(10) unsigned NOT NULL,
  `num` int(11) NOT NULL,
  `created_at` timestamp NOT NULL DEFAULT '0000-00-00 00:00:00',
  `updated_at` timestamp NOT NULL DEFAULT '0000-00-00 00:00:00',
  `allocation_status` enum('0','1') COLLATE utf8_unicode_ci NOT NULL,
  PRIMARY KEY (`id`)
) ENGINE=InnoDB DEFAULT CHARSET=utf8 COLLATE=utf8_unicode_ci;



# Dump of table erp_area
# ------------------------------------------------------------

DROP TABLE IF EXISTS `erp_area`;

CREATE TABLE `erp_area` (
  `id` int(10) unsigned NOT NULL AUTO_INCREMENT,
  `name` varchar(255) COLLATE utf8_unicode_ci NOT NULL,
  `code` varchar(255) COLLATE utf8_unicode_ci NOT NULL,
  `created_at` timestamp NOT NULL DEFAULT '0000-00-00 00:00:00',
  `updated_at` timestamp NOT NULL DEFAULT '0000-00-00 00:00:00',
  PRIMARY KEY (`id`)
) ENGINE=InnoDB DEFAULT CHARSET=utf8 COLLATE=utf8_unicode_ci;

LOCK TABLES `erp_area` WRITE;
/*!40000 ALTER TABLE `erp_area` DISABLE KEYS */;

INSERT INTO `erp_area` (`id`, `name`, `code`, `created_at`, `updated_at`)
VALUES
	(1,'东1','A','2014-04-21 19:25:00','2014-04-25 13:36:25'),
	(2,'东2','B','2014-04-25 13:37:04','2014-04-25 13:37:04'),
	(3,'西1','C','2014-04-25 13:37:24','2014-04-25 13:37:24'),
	(4,'西2','D','2014-04-25 13:37:39','2014-04-25 13:37:39'),
	(5,'桥南','E','2014-04-25 13:38:08','2014-04-25 13:38:08'),
	(6,'德山','F','2014-04-25 13:38:26','2014-04-25 13:38:26'),
	(7,'乡镇前河','G','2014-04-25 13:39:03','2014-04-25 13:39:03'),
	(8,'乡镇后河','H','2014-04-25 13:39:23','2014-04-25 13:39:23');

/*!40000 ALTER TABLE `erp_area` ENABLE KEYS */;
UNLOCK TABLES;


# Dump of table erp_branch
# ------------------------------------------------------------

DROP TABLE IF EXISTS `erp_branch`;

CREATE TABLE `erp_branch` (
  `id` int(10) unsigned NOT NULL AUTO_INCREMENT,
  `name` varchar(255) COLLATE utf8_unicode_ci NOT NULL,
  `type_id` int(10) unsigned NOT NULL,
  `area_id` int(10) unsigned NOT NULL,
  `line_id` int(10) unsigned NOT NULL,
  `user_id` int(10) unsigned NOT NULL,
  `contact` varchar(255) COLLATE utf8_unicode_ci NOT NULL,
  `mobile` varchar(255) COLLATE utf8_unicode_ci NOT NULL,
  `address` varchar(255) COLLATE utf8_unicode_ci NOT NULL,
  `code` varchar(255) COLLATE utf8_unicode_ci NOT NULL,
  `day` int(11) NOT NULL,
  `last_visit_at` timestamp NOT NULL DEFAULT '0000-00-00 00:00:00',
  `last_ship_at` timestamp NOT NULL DEFAULT '0000-00-00 00:00:00',
  `stock` int(11) NOT NULL,
  `memo` varchar(255) COLLATE utf8_unicode_ci NOT NULL,
  `check` enum('1','0') COLLATE utf8_unicode_ci NOT NULL,
  `created_at` timestamp NOT NULL DEFAULT '0000-00-00 00:00:00',
  `updated_at` timestamp NOT NULL DEFAULT '0000-00-00 00:00:00',
  PRIMARY KEY (`id`)
) ENGINE=InnoDB DEFAULT CHARSET=utf8 COLLATE=utf8_unicode_ci;

LOCK TABLES `erp_branch` WRITE;
/*!40000 ALTER TABLE `erp_branch` DISABLE KEYS */;

INSERT INTO `erp_branch` (`id`, `name`, `type_id`, `area_id`, `line_id`, `user_id`, `contact`, `mobile`, `address`, `code`, `day`, `last_visit_at`, `last_ship_at`, `stock`, `memo`, `check`, `created_at`, `updated_at`)
VALUES
	(1,'金典烧烤',11,4,12,8,'张总','15074221499','武陵区洞庭大道文理学院西院','D2DF20001',5,'2014-05-07 13:03:59','2014-05-07 13:03:59',2195,'','1','2014-04-21 19:50:30','2014-05-07 13:03:59'),
	(2,'岚岚酒家',1,4,51,8,'罗总','13875061581','华南光电仪器厂','A1Di0002',5,'2014-05-07 13:03:16','2014-05-07 13:03:16',0,'','1','2014-05-04 13:55:41','2014-05-07 13:03:16'),
	(3,'恰同学',6,4,55,8,'刘总','13974233932','西2文理西院文理西院对面','C2Dd50003',10,'2014-05-04 14:07:32','2014-05-04 14:07:32',200,'','1','2014-05-04 14:07:32','2014-05-04 14:07:32'),
	(4,'宏运餐馆',3,4,55,8,'刘总','15507363881','西2文理西院文理西院对面','C1Dd50004',5,'2014-05-04 14:10:45','2014-05-04 14:10:45',300,'','1','2014-05-04 14:10:45','2014-05-04 14:10:45'),
	(5,'金龙超市',13,4,55,8,'李总','7176363','西2文理西院文理西院对面','G2Dd50005',5,'2014-05-05 19:49:47','2014-05-04 14:13:27',10,'','1','2014-05-04 14:13:27','2014-05-05 19:49:47'),
	(6,'丁姐综合超市',13,1,78,7,'丁姐','7728267','东1武陵大道（东）芷兰！！！','G2Am20006',5,'2014-05-04 14:14:42','2014-05-04 14:14:42',0,'','1','2014-05-04 14:14:42','2014-05-04 14:54:46'),
	(7,'湘北一村',13,1,1,7,'！！！！','2683483','东1武陵大道（东）洞庭大道 。','G2AA10007',5,'2014-05-04 14:15:59','2014-05-04 14:15:59',0,'','1','2014-05-04 14:15:59','2014-05-04 14:52:00'),
	(8,'长源体彩厅',13,4,58,8,'祝总','13875123689','西2长源街长源街--','G2Dd40008',5,'2014-05-07 12:53:19','2014-05-04 14:17:02',10,'','1','2014-05-04 14:17:02','2014-05-07 12:53:19'),
	(9,'全球水果超市',13,1,69,7,'！！！！','2985463','东1武陵大道（东） 风采超市旁','G2Am30009',5,'2014-05-04 14:18:37','2014-05-04 14:18:37',0,'','1','2014-05-04 14:18:37','2014-05-04 14:55:39'),
	(10,'光玉商店',13,1,78,7,'！！！！！','7782786','东1芷兰！！！！！','G2Am20010',5,'2014-05-04 14:19:13','2014-05-04 14:19:13',0,'','1','2014-05-04 14:19:13','2014-05-04 14:52:43'),
	(11,'星期五',3,4,58,8,'刘总','15211309766','西2长源街长源路--','C1Dd40011',5,'2014-05-04 14:20:18','2014-05-04 14:20:18',200,'','1','2014-05-04 14:20:18','2014-05-04 14:20:18'),
	(12,'锦和连锁超市',13,1,1,7,'！！！','7275866','东1武陵大道（东）芷兰！！！','G2AA10012',5,'2014-05-04 14:20:33','2014-05-04 14:20:33',0,'','1','2014-05-04 14:20:33','2014-05-04 14:53:39'),
	(13,'宏兴超市',13,1,1,7,'！！！','7138977','东1武陵大道（东）托斯卡纳旁','G2AA10013',5,'2014-05-04 14:21:22','2014-05-04 14:21:22',0,'','1','2014-05-04 14:21:22','2014-05-04 14:52:22'),
	(14,'星语林超市',13,1,1,7,'！！！！','7722959','东1武陵大道（东）柳叶车站！','G2AA10014',5,'2014-05-04 14:21:57','2014-05-04 14:21:57',0,'','1','2014-05-04 14:21:57','2014-05-04 14:51:17'),
	(15,'新发超市',13,4,56,8,'陈总','7815260','西2火车站火车站==','G2Da30015',5,'2014-05-05 19:50:45','2014-05-04 14:22:22',10,'','1','2014-05-04 14:22:22','2014-05-05 19:50:45'),
	(16,'紫桥静波商行',13,1,69,7,'！！！','7306989','东1紫桥紫桥！！！','G2Am30016',5,'2014-05-04 14:22:44','2014-05-04 14:22:44',0,'','1','2014-05-04 14:22:44','2014-05-04 14:53:53'),
	(17,'湘北水果',13,1,1,7,'！！！','2562100','东1武陵大道（东）大润发旁！','G2AA10017',5,'2014-05-04 14:23:30','2014-05-04 14:23:30',0,'','1','2014-05-04 14:23:30','2014-05-04 14:55:52'),
	(18,'百盛超市',13,1,69,7,'！！！','7783018','东1武陵大道（东）紫桥！！！！','G2Am30018',5,'2014-05-04 14:24:06','2014-05-04 14:24:06',0,'','1','2014-05-04 14:24:06','2014-05-04 14:54:16'),
	(19,'芳源超市',13,1,78,7,'！！！！','7251618','东1武陵大道（东）紫桥！！！！','G2Am20019',5,'2014-05-04 14:24:37','2014-05-04 14:24:37',0,'','1','2014-05-04 14:24:37','2014-05-04 14:56:43'),
	(20,'天下第一厨',3,4,56,8,'无总','13875176167','西2火车站水果市场后面','C1Da30020',5,'2014-05-04 14:26:42','2014-05-04 14:26:42',300,'','1','2014-05-04 14:26:42','2014-05-04 14:26:42'),
	(21,'德园',13,1,65,7,'！！！！','7789785','东1武陵大道（东）三闾！！！','G2An10021',5,'2014-05-04 14:27:07','2014-05-04 14:27:07',0,'','1','2014-05-04 14:27:07','2014-05-04 14:57:17'),
	(22,'广达超市',13,1,65,7,'！！！！','2517656','东1武陵大道（东）三闾！！！','G2An10022',5,'2014-05-04 14:28:21','2014-05-04 14:28:21',0,'','1','2014-05-04 14:28:21','2014-05-04 15:16:27'),
	(23,'丫丫商行',13,1,1,7,'！！！！','15211283673','东1武陵大道（东）拖斯卡纳对面','G2AA10023',5,'2014-05-04 14:29:00','2014-05-04 14:29:00',0,'','1','2014-05-04 14:29:00','2014-05-04 14:54:29'),
	(24,'众成平价超市',10,4,43,8,'聂友元','7712598','西2朝阳路朝阳中路=','F2Da0024',10,'2014-05-05 19:51:11','2014-05-04 14:29:04',0,'','1','2014-05-04 14:29:04','2014-05-05 19:51:11'),
	(25,'喜羊羊',13,1,70,7,'！！！！','！！！！！','东1武陵大道（东）兴民街！！！','G2As10025',5,'2014-05-04 14:30:15','2014-05-04 14:30:15',0,'','1','2014-05-04 14:30:15','2014-05-04 14:57:51'),
	(26,'慧慧商店',9,4,46,8,'孙总','15873644511','西2芙蓉路芙蓉路==','F1Dd0026',5,'2014-05-04 14:30:55','2014-05-04 14:30:55',300,'','1','2014-05-04 14:30:55','2014-05-04 14:30:55'),
	(27,'刘聋子粉馆',13,1,3,7,'！！！！','15675601958','东1武陵大道（东）朗州路天桥旁','G2AF10027',5,'2014-05-04 14:31:27','2014-05-04 14:31:27',0,'','1','2014-05-04 14:31:27','2014-05-04 14:58:20'),
	(28,'便民超市',13,1,70,7,'！！！！','！！！！','东1武陵大道（东）紫桥！！！！','G2As10028',5,'2014-05-04 14:32:11','2014-05-04 14:32:11',0,'','1','2014-05-04 14:32:11','2014-05-04 15:01:04'),
	(29,'天天水果超市',13,1,69,7,'！！！！','！！！！','东1武陵大道（东）紫桥！！！！','G2Am30029',5,'2014-05-04 14:32:49','2014-05-04 14:32:49',0,'','1','2014-05-04 14:32:49','2014-05-04 15:00:31'),
	(30,'乐购便利',13,4,53,8,'孙英','15211339438','西2仙源小区廖桥港==','G2Dk0030',5,'2014-05-05 19:51:36','2014-05-04 14:33:06',0,'','1','2014-05-04 14:33:06','2014-05-05 19:51:36'),
	(31,'丁姐快餐',6,1,70,7,'丁姐','!!!!','东1武陵大道（东）兴民街！！','C2As10031',10,'2014-05-04 14:33:38','2014-05-04 14:33:38',0,'','1','2014-05-04 14:33:38','2014-05-04 15:16:06'),
	(32,'富源',13,4,45,8,'虞美女','15073621689','西2龙港路龙港路。德景园对面','G2Dc0032',5,'2014-05-04 14:36:12','2014-05-04 14:36:12',0,'','1','2014-05-04 14:36:12','2014-05-04 14:36:12'),
	(33,'天然渔村',5,1,1,7,'！！！！','！！！！','东1武陵大道（东）五岔306省道','B2AA10033',10,'2014-05-04 14:37:07','2014-05-04 14:37:07',0,'','1','2014-05-04 14:37:07','2014-05-04 15:01:34'),
	(34,'超丽',13,4,58,8,'无=','13973661124','西2长源街长源路==','G2Dd40034',5,'2014-05-04 14:37:48','2014-05-04 14:37:48',0,'','1','2014-05-04 14:37:48','2014-05-04 14:37:48'),
	(35,'乡村土菜馆',6,1,15,7,'！！！！','！！！！','东1柳叶大道（东）柳叶湖车站对面','C2AH10035',10,'2014-05-04 14:39:17','2014-05-04 14:39:17',0,'','1','2014-05-04 14:39:17','2014-05-04 15:02:34'),
	(36,'新心超市',13,4,22,8,'无=','7813029','西2新河路（西）火车站新河路','G2DK20036',5,'2014-05-04 14:39:41','2014-05-04 14:39:41',0,'','1','2014-05-04 14:39:41','2014-05-04 14:39:41'),
	(37,'心连心超市',13,4,47,8,'无=','7199505','西2高车路高车路==','G2De0037',5,'2014-05-05 19:52:26','2014-05-04 14:41:26',0,'','1','2014-05-04 14:41:26','2014-05-05 19:52:26'),
	(38,'前成超市',13,4,47,8,'无=','7250298','西2高车路高车路==','G2De0038',5,'2014-05-05 19:53:04','2014-05-04 14:42:31',0,'','1','2014-05-04 14:42:31','2014-05-05 19:53:04'),
	(39,'湘土人家',2,1,64,7,'李老板','！！！！','东1朗州路朗州路火车站','B1Am10039',5,'2014-05-04 14:43:13','2014-05-04 14:43:13',0,'','1','2014-05-04 14:43:13','2014-05-04 14:59:32'),
	(40,'诚信超市',13,4,47,8,'无=','7277123','西2高车路高车路==','G2De0040',5,'2014-05-05 19:52:49','2014-05-04 14:43:36',0,'','1','2014-05-04 14:43:36','2014-05-05 19:52:49'),
	(41,'广誉超市',13,1,23,7,'！！！！','7712219','东1武陵大道（东）f东方美景','G2AL10041',5,'2014-05-04 14:44:41','2014-05-04 14:44:41',0,'','1','2014-05-04 14:44:41','2014-05-04 15:21:15'),
	(42,'亿辉超市',13,4,18,8,'吴总','7171200','西2沙港路（西）沙港西路=','G2DI20042',5,'2014-05-05 19:53:23','2014-05-04 14:45:28',0,'','1','2014-05-04 14:45:28','2014-05-05 19:53:23'),
	(43,'安乡鸭王土菜馆',10,1,69,7,'！！！！','13787888923','东1武陵大道（东）紫桥！！！','F2Am30043',10,'2014-05-04 14:45:56','2014-05-04 14:45:56',0,'','1','2014-05-04 14:45:56','2014-05-04 15:03:37'),
	(44,'一叶舟烤鱼',10,1,69,7,'！！！！','13027402130','东1武陵大道（东）紫桥！！！','F2Am30044',10,'2014-05-04 14:46:51','2014-05-04 14:46:51',300,'','1','2014-05-04 14:46:51','2014-05-04 15:04:01'),
	(45,'刘胖子特色烧烤',10,1,69,7,'刘老板','15050650201','东1紫桥紫桥！！！','F2Am30045',10,'2014-05-04 14:47:31','2014-05-04 14:47:31',0,'','1','2014-05-04 14:47:31','2014-05-04 15:01:19'),
	(46,'仙源超市',13,4,53,8,'李总','15697362008','西2仙源小区仙源小区旁','G2Dk0046',5,'2014-05-05 19:54:23','2014-05-04 14:48:13',300,'','1','2014-05-04 14:48:13','2014-05-05 19:54:23'),
	(47,'内蒙古炭烤羊腿',9,1,69,7,'！！！！','18173601828','东1武陵大道（东）紫桥~！！！','F1Am30047',5,'2014-05-04 14:48:27','2014-05-04 14:48:27',0,'','1','2014-05-04 14:48:27','2014-05-04 15:00:04'),
	(48,'洞庭好再来',13,4,4,8,'无=','2516772','西2武陵大道（西）洞庭大道=','G2DA20048',5,'2014-05-05 19:55:03','2014-05-04 14:49:50',0,'','1','2014-05-04 14:49:50','2014-05-05 19:55:03'),
	(49,'鹏程超市',13,4,47,8,'吴=','13807427720','西2高车路高车路==','G2De0049',5,'2014-05-04 14:50:49','2014-05-04 14:50:49',0,'','1','2014-05-04 14:50:49','2014-05-04 14:50:49'),
	(50,'原味砂锅粥',6,4,12,8,'无=','7171629','西2洞庭大道（西）洞庭大道=','C2DF20050',10,'2014-05-08 20:43:55','2014-05-08 20:43:55',0,'','1','2014-05-04 14:52:07','2014-05-08 20:43:55'),
	(51,'总站超市',13,4,56,8,'无=','2539895','西2火车站汽车总站对面，','G2Da30051',5,'2014-05-04 14:53:43','2014-05-04 14:53:43',0,'','1','2014-05-04 14:53:43','2014-05-04 14:53:43'),
	(52,'军民平价超市',13,4,56,8,'无-','7911170','西2火车站火车站对面','G2Da30052',5,'2014-05-04 14:55:35','2014-05-04 14:55:35',0,'','1','2014-05-04 14:55:35','2014-05-04 14:55:35'),
	(53,'华南烧烤',3,4,51,8,'屋=','=======','西2华南华南===','C1Di0053',5,'2014-05-04 14:58:01','2014-05-04 14:58:01',0,'','1','2014-05-04 14:58:01','2014-05-07 21:21:53'),
	(54,'华建酒家',3,4,51,8,'李总','13807424458','西2华南华南===','C1Di0054',5,'2014-05-04 15:00:06','2014-05-04 15:00:06',300,'','1','2014-05-04 15:00:06','2014-05-04 15:00:06'),
	(55,'惠民酒家',3,4,51,8,'葛总','13875111058','西2华南华南===','C1Di0055',5,'2014-05-04 15:03:06','2014-05-04 15:03:06',300,'','1','2014-05-04 15:03:06','2014-05-04 15:03:06'),
	(56,'萍姐拿手菜',6,1,78,7,'萍老板','13924268645','东1武陵大道（东）紫桥！！！','C2Am20056',10,'2014-05-04 15:05:26','2014-05-04 15:05:26',0,'','1','2014-05-04 15:05:26','2014-05-04 15:17:07'),
	(57,'生活美超市',13,4,56,8,'唐总','13575127215','西2火车站新河路==','G2Da30057',5,'2014-05-05 19:54:43','2014-05-04 15:06:04',0,'','1','2014-05-04 15:06:04','2014-05-05 19:54:43'),
	(58,'焉总烧烤',9,1,69,7,'焉总','15211329156','东1紫桥紫桥！！！','F1Am30058',5,'2014-05-04 15:06:25','2014-05-04 15:06:25',200,'','1','2014-05-04 15:06:25','2014-05-04 15:06:25'),
	(59,'陈胖子鱿鱼王',1,1,69,7,'陈总','13397667223','东1武陵大道（东）紫桥！！！','A1Am30059',5,'2014-05-04 15:08:28','2014-05-04 15:08:28',200,'','1','2014-05-04 15:08:28','2014-05-04 17:25:59'),
	(60,'天香超市',13,1,70,7,'黄老板','！！！！','东1武陵大道（东）兴民街！！','G2As10060',5,'2014-05-04 15:09:44','2014-05-04 15:09:44',0,'','1','2014-05-04 15:09:44','2014-05-04 15:20:20'),
	(61,'阳光超市',13,4,54,8,'无=','7513856','西2岩桥岩桥===','G2Dl0061',5,'2014-05-05 19:59:35','2014-05-04 15:10:24',0,'','1','2014-05-04 15:10:24','2014-05-05 19:59:35'),
	(62,'罗记羊肉粉馆',6,1,69,7,'罗老板','！！！！','东1紫桥紫桥！！！','C2Am30062',10,'2014-05-04 15:10:26','2014-05-04 15:10:26',0,'','1','2014-05-04 15:10:26','2014-05-04 15:10:26'),
	(63,'中华翅客',10,1,69,7,' 陈总','13973664401','东1武陵大道（东）紫桥！！！','F2Am30063',10,'2014-05-04 15:12:02','2014-05-04 15:12:02',0,'','1','2014-05-04 15:12:02','2014-05-04 15:17:46'),
	(64,'李哥烧烤',10,1,69,7,'李老板','13575219035','东1武陵大道（东）紫桥！！！','F2Am30064',10,'2014-05-04 15:12:42','2014-05-04 15:12:42',0,'','1','2014-05-04 15:12:42','2014-05-04 15:19:38'),
	(65,'一夜畅疯味',9,1,69,7,'！！！','13677465853','东1武陵大道（东）紫桥！！！','F1Am30065',5,'2014-05-04 15:13:44','2014-05-04 15:13:44',300,'','1','2014-05-04 15:13:44','2014-05-04 15:19:06'),
	(66,'锦绣便利店',10,4,43,8,'万=','2510491','西2朝阳路朝阳北路=','F2Da0066',10,'2014-05-05 19:55:49','2014-05-04 15:14:12',0,'','1','2014-05-04 15:14:12','2014-05-05 19:55:49'),
	(67,'白云边名烟名酒',13,1,78,7,'萧总','！！！','东1武陵大道（东）芷兰！！！','G2Am20067',5,'2014-05-04 15:14:54','2014-05-04 15:14:54',0,'','1','2014-05-04 15:14:54','2014-05-04 15:18:45'),
	(68,'周记烧烤',10,1,69,7,'周老板','！！！','东1武陵大道（东） 紫桥！！！','F2Am30068',10,'2014-05-04 15:15:35','2014-05-04 15:15:35',0,'','1','2014-05-04 15:15:35','2014-05-04 15:18:09'),
	(69,'正丰和超市',13,4,45,8,'无=','7205199','西2龙港路龙港路==','G2Dc0069',5,'2014-05-05 19:56:05','2014-05-04 15:16:02',0,'','1','2014-05-04 15:16:02','2014-05-05 19:56:05'),
	(70,'家家福超市',13,4,54,8,'无=','7218208','西2岩桥岩桥===','G2Dl0070',5,'2014-05-04 15:17:09','2014-05-04 15:17:09',0,'','1','2014-05-04 15:17:09','2014-05-04 15:17:09'),
	(71,'胖子烧烤',7,4,12,8,'胖姐','13786650176','西2洞庭大道（西）洞庭大道=','D1DF20071',5,'2014-05-04 15:19:12','2014-05-04 15:19:12',4000,'','1','2014-05-04 15:19:12','2014-05-04 15:19:12'),
	(72,'毛记烧烤',10,4,46,8,'毛总','13873653555','西2芙蓉路芙蓉路==','F2Dd0072',10,'2014-05-05 19:56:52','2014-05-04 15:20:14',0,'','1','2014-05-04 15:20:14','2014-05-05 19:56:52'),
	(73,'腊胜批发部',13,4,56,8,'周总','7815117','东1火车站水果市场后面','G2Da30073',5,'2014-05-05 19:57:08','2014-05-04 15:22:07',400,'','1','2014-05-04 15:22:07','2014-05-05 19:57:08'),
	(74,'璇子超市',13,4,16,8,'无=','15973606866','西2柳叶大道（西）柳叶大道=','G2DH20074',5,'2014-05-04 15:23:50','2014-05-04 15:23:50',0,'','1','2014-05-04 15:23:50','2014-05-04 15:23:50'),
	(75,'食源批发部',13,2,73,6,'！！！','7269097','东1金钻广场金战....','G2Bv10075',5,'2014-05-07 12:52:18','2014-05-04 15:26:09',0,'','1','2014-05-04 15:26:09','2014-05-07 12:52:18'),
	(76,'柳叶湖烤鱼',9,4,12,8,'陈总','13873671616','西2洞庭大道（西）洞庭大道=','F1DF20076',5,'2014-05-04 15:26:13','2014-05-04 15:26:13',1000,'','1','2014-05-04 15:26:13','2014-05-04 15:26:13'),
	(77,'张中玉',13,2,1,6,'张老板','7210215','东1武陵大道（东）公司旁。。。','G2BA10077',5,'2014-05-04 15:27:11','2014-05-04 15:27:11',0,'','1','2014-05-04 15:27:11','2014-05-05 11:51:33'),
	(78,'陈珍家常菜',6,3,8,9,'陈总','13873613697','西1人民路（西）人民路==','C2CC20078',10,'2014-05-04 15:28:14','2014-05-04 15:28:14',0,'','1','2014-05-04 15:28:14','2014-05-04 15:28:14'),
	(79,'箭道商行',13,1,4,6,'。。。','7221797','东1武陵大道（东）公司对面旁。。','G2AA20079',5,'2014-05-04 15:28:27','2014-05-04 15:28:27',0,'','1','2014-05-04 15:28:27','2014-05-04 17:28:05'),
	(80,'星星活鱼馆',1,3,8,9,'蒯总','15173652668','东1人民路（西）人民路==','A1·CC20080',5,'2014-05-04 15:31:26','2014-05-04 15:31:26',0,'','1','2014-05-04 15:31:26','2014-05-04 15:34:14'),
	(81,'汇丰商行',13,2,1,6,'。。。。','2543220','东1武陵大道（东） 金钻。。。','G2BA10081',5,'2014-05-04 15:32:45','2014-05-04 15:32:45',0,'','1','2014-05-04 15:32:45','2014-05-05 11:52:00'),
	(82,'洞庭安师傅烧烤',9,4,12,8,'李总','15115791268','西2洞庭大道（西）洞庭大道=','F1DF20082',5,'2014-05-04 15:32:52','2014-05-04 15:32:52',1000,'','1','2014-05-04 15:32:52','2014-05-04 15:32:52'),
	(83,'紫瑞商行',1,2,73,6,'。。。。','13203648673','东2金钻广场金钻。。。。','A1·Bv10083',5,'2014-05-04 15:34:37','2014-05-04 15:34:37',0,'','1','2014-05-04 15:34:37','2014-05-04 15:34:37'),
	(84,'城南烟酒',1,2,1,6,'。。。。','13973663972','东1武陵大道（东）金钻广场！','A1·BA10084',5,'2014-05-04 15:35:21','2014-05-04 15:35:21',0,'','1','2014-05-04 15:35:21','2014-05-04 15:37:40'),
	(85,'美味多',10,4,57,8,'王总','15507367153','西2长升街长升街==','F2Dd30085',10,'2014-05-04 15:36:16','2014-05-04 15:36:16',0,'','1','2014-05-04 15:36:16','2014-05-04 15:36:16'),
	(86,'特色烧烤',10,4,57,8,'邓总','15581072527','西2长升街长升===','F2Dd30086',10,'2014-05-04 15:38:17','2014-05-04 15:38:17',0,'','1','2014-05-04 15:38:17','2014-05-04 15:38:17'),
	(87,'月亮之上外卖部',13,2,73,6,'。。。。','2661504','东2金钻广场金砖....','G2Bv10087',5,'2014-05-04 15:39:02','2014-05-04 15:39:02',0,'','1','2014-05-04 15:39:02','2014-05-04 15:39:02'),
	(88,'如意超市',13,2,64,6,'、、、、、','7267927','东2朗州路一中旁。。。','G2Bm10088',5,'2014-05-04 15:40:01','2014-05-04 15:40:01',0,'','1','2014-05-04 15:40:01','2014-05-04 15:40:01'),
	(89,'龚姐油炸烧烤',10,4,57,8,'龚姐','15581051958','西2长升街长升街===','F2Dd30089',10,'2014-05-04 15:40:03','2014-05-04 15:40:03',0,'','1','2014-05-04 15:40:03','2014-05-04 15:40:03'),
	(90,'金钻名烟名酒',13,2,73,6,'11111','7151158','东2金钻广场金钻广场！','G2Bv10090',5,'2014-05-04 15:40:44','2014-05-04 15:40:44',0,'','1','2014-05-04 15:40:44','2014-05-04 15:40:44'),
	(91,'赢赢烧烤',10,4,57,8,'孙总','18890721019','西2长升街长升街==','F2Dd30091',10,'2014-05-04 15:41:15','2014-05-04 15:41:15',0,'','1','2014-05-04 15:41:15','2014-05-04 15:41:15'),
	(92,'环球水果超市',13,2,2,6,'1111','7133225','东2建设路（东）建设路。。。','G2BD10092',5,'2014-05-04 15:42:00','2014-05-04 15:42:00',0,'','1','2014-05-04 15:42:00','2014-05-04 15:42:00'),
	(93,'串串香烧烤',10,4,57,8,'无总','15115685805','西2长升街长升街==','F2Dd30093',10,'2014-05-04 15:43:05','2014-05-04 15:43:05',0,'','1','2014-05-04 15:43:05','2014-05-04 15:43:05'),
	(94,'明珠超市',13,2,84,6,'。。。。','7153878','东2青年路青年路东院附近','G2Bt40094',5,'2014-05-04 15:43:28','2014-05-04 15:43:28',0,'','1','2014-05-04 15:43:28','2014-05-04 15:43:28'),
	(95,'天天夜市',10,4,55,8,'无总','18607368875','西2文理西院文理学院==','F2Dd50095',10,'2014-05-04 15:44:48','2014-05-04 15:44:48',0,'','1','2014-05-04 15:44:48','2014-05-04 15:44:48'),
	(96,'妙味多',10,4,57,8,'--','15573687692','西2长升街长升街==','F2Dd30096',10,'2014-05-04 15:46:56','2014-05-04 15:46:56',0,'','1','2014-05-04 15:46:56','2014-05-07 21:02:54'),
	(97,'龙琴商行',13,2,65,6,'。。。','13875081631','东1武陵大道（东）三闾路。。。','G2Bn10097',5,'2014-05-04 15:47:49','2014-05-04 15:47:49',0,'','1','2014-05-04 15:47:49','2014-05-04 15:48:20'),
	(98,'云云超市',13,4,56,8,'杨总','15173627120','西2火车站火车站==','G2Da30098',5,'2014-05-05 19:57:37','2014-05-04 15:47:58',0,'','1','2014-05-04 15:47:58','2014-05-05 19:57:37'),
	(99,'天大烟酒',13,4,47,8,'潭总','2688456','西2高车路高车路==','G2De0099',5,'2014-05-05 19:57:52','2014-05-04 15:48:55',0,'','1','2014-05-04 15:48:55','2014-05-05 19:57:52'),
	(100,'老大烧烤',10,4,57,8,'彭总','13643169282','西2长升街长升街丽都对面','F2Dd30100',10,'2014-05-04 15:50:33','2014-05-04 15:50:33',0,'','1','2014-05-04 15:50:33','2014-05-04 15:50:33'),
	(101,'串串香小吃',13,2,68,6,'！！！！','18273669050','东2文理东院文理学院东院','G2Bq10101',5,'2014-05-04 15:51:15','2014-05-04 15:51:15',0,'','1','2014-05-04 15:51:15','2014-05-04 15:51:15'),
	(102,'根据地烧烤',9,4,57,8,'艾总','13643169282','西2长升街长升街路口','F1Dd30102',5,'2014-05-04 15:52:04','2014-05-04 15:52:04',0,'','1','2014-05-04 15:52:04','2014-05-04 15:52:04'),
	(103,'时尚煮义',10,4,57,8,'无总','15581504236','西2长升街长升街==','F2Dd30103',10,'2014-05-04 15:53:46','2014-05-04 15:53:46',0,'','1','2014-05-04 15:53:46','2014-05-04 15:53:46'),
	(104,'景鼎超市',13,2,2,6,'。。。。','2530715','东2建设路（东）丝瓜井公司旁','G2BD10104',5,'2014-05-04 15:53:57','2014-05-04 15:53:57',0,'','1','2014-05-04 15:53:57','2014-05-04 15:53:57'),
	(105,'绿源批发部',14,3,60,9,'姚老板','7278039','西1三叉路长庚路。。。','HCd70105',5,'2014-05-05 20:03:11','2014-05-04 15:55:52',0,'','1','2014-05-04 15:55:52','2014-05-05 20:03:11'),
	(106,'聚点酒吧',9,4,57,8,'杨总','15576132032','西2长升街长升街==','F1Dd30106',5,'2014-05-04 15:56:19','2014-05-04 15:56:19',200,'','1','2014-05-04 15:56:19','2014-05-04 15:56:19'),
	(107,'凌云超市',13,3,8,9,'涂老板','2661482','西1人民路（西）人民路!!','G2CC20107',5,'2014-05-05 20:03:21','2014-05-04 15:56:47',0,'','1','2014-05-04 15:56:47','2014-05-05 20:03:21'),
	(108,'西毫超市',13,3,11,9,'张老板','7268226','西1育才路（西）育才路。。。','G2CE20108',5,'2014-05-05 20:03:31','2014-05-04 15:57:51',0,'','1','2014-05-04 15:57:51','2014-05-05 20:03:31'),
	(109,'金利源超市',13,3,9,9,'。。。。','7199376','西1建设路（西）建设路。。。','G2CD20109',5,'2014-05-05 20:03:41','2014-05-04 15:59:21',0,'','1','2014-05-04 15:59:21','2014-05-05 20:03:41'),
	(110,'瓜果大世界',13,2,68,6,'=====','18692361645','东2文理东院文理东院=','G2Bq10110',5,'2014-05-04 16:00:08','2014-05-04 16:00:08',0,'','1','2014-05-04 16:00:08','2014-05-04 16:00:08'),
	(111,'亚奇经营部',13,3,9,9,'戴老板','7200799','西1建设路（西）北站。。。。','G2CD20111',5,'2014-05-05 20:04:01','2014-05-04 16:00:14',0,'','1','2014-05-04 16:00:14','2014-05-05 20:04:01'),
	(112,'宏鑫超市',1,3,8,9,'.。。。。','7172188','东1人民路（西）电力巷。。','A1·CC20112',5,'2014-05-05 20:04:20','2014-05-04 16:01:37',0,'','1','2014-05-04 16:01:37','2014-05-05 20:04:20'),
	(113,'海珠商店',13,2,68,6,'卢海珠','18711626963','东2文理东院文理东院=','G2Bq10113',5,'2014-05-04 16:02:19','2014-05-04 16:02:19',0,'','1','2014-05-04 16:02:19','2014-05-04 16:02:19'),
	(114,'旺角水果超市',13,3,8,9,'何老板','7280893','西1人民路（西）五中对面。','G2CC20114',5,'2014-05-05 20:05:09','2014-05-04 16:03:24',0,'','1','2014-05-04 16:03:24','2014-05-05 20:05:09'),
	(115,'宏润超市',13,2,68,6,'侯先进','2682192','东2文理东院文理东院=','G2Bq10115',5,'2014-05-04 16:04:06','2014-05-04 16:04:06',0,'','1','2014-05-04 16:04:06','2014-05-04 16:04:06'),
	(116,'穗丰生活超市',13,3,8,9,'王老板','2689634','西1人民路（西）人民西路。','G2CC20116',5,'2014-05-05 20:06:35','2014-05-04 16:04:22',0,'','1','2014-05-04 16:04:22','2014-05-05 20:06:35'),
	(117,'信誉名烟名酒',13,3,8,9,'王老板','13873683528','西1人民路（西）欣运集团对面。','G2CC20117',5,'2014-05-04 16:05:20','2014-05-04 16:05:20',0,'','1','2014-05-04 16:05:20','2014-05-04 16:05:20'),
	(118,'魅力饰界',13,2,68,6,'=====','2552043','东2文理东院文理东院=','G2Bq10118',5,'2014-05-04 16:05:23','2014-05-04 16:05:23',0,'','1','2014-05-04 16:05:23','2014-05-04 16:05:23'),
	(119,'丁师傅湘西风味',6,3,8,9,'丁老板','13549794880','西1人民路（西）农校对面。','C2CC20119',10,'2014-05-04 16:06:12','2014-05-04 16:06:12',0,'','1','2014-05-04 16:06:12','2014-05-04 16:06:42'),
	(120,'芙蓉商店',13,2,68,6,'==','13298616665','东2文理东院文理东院=','G2Bq10120',5,'2014-05-04 16:07:11','2014-05-04 16:07:11',0,'','1','2014-05-04 16:07:11','2014-05-04 16:07:11'),
	(121,'半边天超市',13,3,8,9,'郭老板','18942078638','西1人民路（西）农校对面。','G2CC20121',5,'2014-05-04 16:07:27','2014-05-04 16:07:27',0,'','1','2014-05-04 16:07:27','2014-05-04 16:07:27'),
	(122,'和平爱心超市',13,3,8,9,'项老板','13907420178','西1人民路（西）老三叉路。','G2CC20122',5,'2014-05-04 16:08:14','2014-05-04 16:08:14',0,'','1','2014-05-04 16:08:14','2014-05-04 16:08:14'),
	(123,'建红超市',13,2,68,6,'==','13974259417','东2文理东院文理东院=','G2Bq10123',5,'2014-05-04 16:08:23','2014-05-04 16:08:23',0,'','1','2014-05-04 16:08:23','2014-05-04 16:08:23'),
	(124,'圣丽莎蛋糕',13,3,8,9,'陈老板','2615785','西1人民路（西）农校旁边。。。','G2CC20124',5,'2014-05-04 16:09:07','2014-05-04 16:09:07',0,'','1','2014-05-04 16:09:07','2014-05-04 16:09:07'),
	(125,'雨晓商店',13,2,2,6,'==','13973667893','东2建设路（东）丝瓜井==','G2BD10125',5,'2014-05-04 16:10:33','2014-05-04 16:10:33',0,'','1','2014-05-04 16:10:33','2014-05-04 16:10:33'),
	(126,'丽娟超市',13,3,52,9,'张老板','7278859','西1河伏常桃路西。','G2Cj0126',5,'2014-05-05 20:06:51','2014-05-04 16:11:28',0,'','1','2014-05-04 16:11:28','2014-05-05 20:06:51'),
	(127,'海发烟酒',13,2,84,6,'==','18975665301','东2青年路青年路==','G2Bt40127',5,'2014-05-04 16:12:03','2014-05-04 16:12:03',0,'','1','2014-05-04 16:12:03','2014-05-04 16:12:03'),
	(128,'天天烧烤',8,3,8,9,'任老板','13875040010','西1人民路（西）老岔路附近','E1CC20128',5,'2014-05-04 16:12:35','2014-05-04 16:12:35',0,'','1','2014-05-04 16:12:35','2014-05-04 16:12:35'),
	(129,'重庆兄弟火锅',7,3,11,9,'曾老板','15173608928','西1育才路（西）育才路。。','D1CE20129',5,'2014-05-04 16:13:30','2014-05-04 16:13:30',0,'','1','2014-05-04 16:13:30','2014-05-04 16:14:22'),
	(130,'国荣超市',13,2,76,6,'==','7202256','东2光荣路光荣路==','G2By10130',5,'2014-05-04 16:13:33','2014-05-04 16:13:33',0,'','1','2014-05-04 16:13:33','2014-05-04 16:13:33'),
	(131,'曼林超市',13,3,8,9,'曼林','2686741','西1人民路（西）五中对面巷子','G2CC20131',5,'2014-05-04 16:15:20','2014-05-04 16:15:20',0,'','1','2014-05-04 16:15:20','2014-05-04 16:15:20'),
	(132,'东方升超市',13,2,68,6,'==','7776796','东2文理东院文理东院=','G2Bq10132',5,'2014-05-04 16:16:03','2014-05-04 16:16:03',0,'','1','2014-05-04 16:16:03','2014-05-04 16:16:03'),
	(133,'富源日杂商店',13,3,8,9,'周老板','15907365890','西1人民路（西）人民路==','G2CC20133',5,'2014-05-05 20:07:07','2014-05-04 16:17:34',0,'','1','2014-05-04 16:17:34','2014-05-05 20:07:07'),
	(134,'伍陆平价超市',13,2,65,6,'====','13875111946','东2三闾路三l闾===','G2Bn10134',5,'2014-05-04 16:17:48','2014-05-04 16:17:48',0,'','1','2014-05-04 16:17:48','2014-05-04 16:17:48'),
	(135,'红红超市',13,2,65,6,'==','13975612262','东2三闾路三闾===','G2Bn10135',5,'2014-05-04 16:18:56','2014-05-04 16:18:56',0,'','1','2014-05-04 16:18:56','2014-05-04 16:18:56'),
	(136,'同心乐旺旺',13,3,63,9,'谢老板','7272935','西1临江路金天地旁=','G2Cd60136',5,'2014-05-05 20:07:19','2014-05-04 16:19:12',0,'','1','2014-05-04 16:19:12','2014-05-05 20:07:19'),
	(137,'佳林平价',13,2,65,6,'==','2682688','东2三闾路三闾===','G2Bn10137',5,'2014-05-04 16:19:56','2014-05-04 16:19:56',0,'','1','2014-05-04 16:19:56','2014-05-04 16:19:56'),
	(138,'好润来超市',13,3,63,9,'陈老板','13575168605','西1临江路=======','G2Cd60138',5,'2014-05-05 20:07:33','2014-05-04 16:20:32',0,'','1','2014-05-04 16:20:32','2014-05-05 20:07:33'),
	(139,'顺捷超市',13,2,82,6,'==','2517211','东2六村六村===','G2Bn30139',5,'2014-05-04 16:21:02','2014-05-04 16:21:02',0,'','1','2014-05-04 16:21:02','2014-05-04 16:21:02'),
	(140,'永发批发部',13,3,49,9,'===','7207903','西1北站北站===','G2Cg0140',5,'2014-05-05 20:07:47','2014-05-04 16:21:57',0,'','1','2014-05-04 16:21:57','2014-05-05 20:07:47'),
	(141,'捷顺批发部',13,2,82,6,'！！！！','13974268211','东2六村六村。。。。','G2Bn30141',5,'2014-05-04 16:22:25','2014-05-04 16:22:25',0,'','1','2014-05-04 16:22:25','2014-05-04 16:22:25'),
	(142,'恒盛批发部',13,2,65,6,'。。。。','2600989','东2三闾路三闾路。。。','G2Bn10142',5,'2014-05-04 16:23:15','2014-05-04 16:23:15',0,'','1','2014-05-04 16:23:15','2014-05-04 16:23:15'),
	(143,'八斤批发部',13,3,49,9,'===','2596563','西1北站北站===','G2Cg0143',5,'2014-05-05 20:07:57','2014-05-04 16:23:31',0,'','1','2014-05-04 16:23:31','2014-05-05 20:07:57'),
	(144,'利民果品超市',13,2,1,6,'。。。。。','2551733','东2武陵大道（东）丹阳路。。。','G2BA10144',5,'2014-05-04 16:25:18','2014-05-04 16:25:18',0,'','1','2014-05-04 16:25:18','2014-05-04 16:25:18'),
	(145,'简科',1,3,49,9,'无=','18073663652','西1北站======','A1·Cg0145',5,'2014-05-04 16:26:07','2014-05-04 16:26:07',0,'','1','2014-05-04 16:26:07','2014-05-04 16:26:07'),
	(146,'美邻百货',13,2,64,6,'。。。。。','7775158','东2朗州路校场街。。','G2Bm10146',5,'2014-05-04 16:26:53','2014-05-04 16:26:53',0,'','1','2014-05-04 16:26:53','2014-05-04 16:26:53'),
	(147,'重庆顶呱呱',3,4,54,8,'催老板','13203641180','西2岩桥岩桥====','C1Dl0147',5,'2014-05-04 16:27:30','2014-05-04 16:27:30',0,'','1','2014-05-04 16:27:30','2014-05-04 16:27:30'),
	(148,'津市米粉',6,2,1,6,'。。。。','13873695587','东2武陵大道（东）校场街。。。。','C2BA10148',10,'2014-05-04 16:27:37','2014-05-04 16:27:37',0,'','1','2014-05-04 16:27:37','2014-05-04 16:27:37'),
	(149,'德胜烧烤',9,2,79,6,'。。。。。','18670668098','东2一村新一村。。。','F1Bt10149',5,'2014-05-04 16:28:37','2014-05-04 16:28:37',300,'','1','2014-05-04 16:28:37','2014-05-04 16:28:37'),
	(150,'六柒超市',13,3,63,9,'无==','2615650','西1临江路临江路---','G2Cd60150',5,'2014-05-04 16:29:01','2014-05-04 16:29:01',0,'','1','2014-05-04 16:29:01','2014-05-04 16:29:01'),
	(151,'德胜商店',13,2,79,6,'。。。。','18873629077','东2一村一村。。。。','G2Bt10151',5,'2014-05-04 16:29:13','2014-05-04 16:29:13',0,'','1','2014-05-04 16:29:13','2014-05-04 16:29:13'),
	(152,'铭君超市',13,2,65,6,'。。。','2519168','东2三闾路三闾。。。。','G2Bn10152',5,'2014-05-04 16:29:59','2014-05-04 16:29:59',0,'','1','2014-05-04 16:29:59','2014-05-04 16:29:59'),
	(153,'江南土味',9,3,8,8,'吕老板','15886686733','西1人民路（西）人民路==','F1CC20153',5,'2014-05-04 16:30:14','2014-05-04 16:30:14',0,'','1','2014-05-04 16:30:14','2014-05-04 16:30:14'),
	(154,'百家宜',13,2,81,6,'。。。。','7808285','东2五村五村。。。。。','G2Bn20154',5,'2014-05-04 16:30:36','2014-05-04 16:30:36',0,'','1','2014-05-04 16:30:36','2014-05-04 16:30:36'),
	(155,'家兴副食',13,3,48,9,'无老板','7273187','西1长庚路厂庚路==','G2Cf0155',5,'2014-05-05 20:08:13','2014-05-04 16:31:58',0,'','1','2014-05-04 16:31:58','2014-05-05 20:08:13'),
	(156,'九九红超市',13,2,81,6,'。。。。。。。','13637360889','东2五村五村。。。。','G2Bn20156',5,'2014-05-04 16:32:03','2014-05-04 16:32:03',0,'','1','2014-05-04 16:32:03','2014-05-04 16:32:03'),
	(157,'桂芝酒家',5,3,8,9,'无==','13973631589','西1人民路（西）人民路=-=','B2CC20157',10,'2014-05-04 16:33:07','2014-05-04 16:33:07',0,'','1','2014-05-04 16:33:07','2014-05-04 16:33:07'),
	(158,'顺和园',13,2,81,6,'11111','13637365466','东2五村五村。。。。','G2Bn20158',5,'2014-05-04 16:33:20','2014-05-04 16:33:20',0,'','1','2014-05-04 16:33:20','2014-05-04 16:33:20'),
	(159,'众成平价',13,2,81,6,'1111','2699433','东2五村五村。。。。。','G2Bn20159',5,'2014-05-04 16:33:49','2014-05-04 16:33:49',0,'','1','2014-05-04 16:33:49','2014-05-04 16:33:49'),
	(160,'隆生餐馆',4,3,8,9,'无==','18373600688','西1人民路（西）农校餐馆=','A2CC20160',10,'2014-05-04 16:34:35','2014-05-04 16:34:35',0,'','1','2014-05-04 16:34:35','2014-05-04 16:34:35'),
	(161,'天天想便利店',13,2,5,6,'===','7225867','东2沅安路（东）沅安路==','G2BB10161',5,'2014-05-04 16:36:23','2014-05-04 16:36:23',0,'','1','2014-05-04 16:36:23','2014-05-04 16:36:23'),
	(162,'德家土菜',6,3,8,9,'无=','13786667263','西1人民路（西）农校对面=','C2CC20162',10,'2014-05-04 16:36:33','2014-05-04 16:36:33',0,'','1','2014-05-04 16:36:33','2014-05-04 16:36:33'),
	(163,'好口味',4,3,8,9,'无==','13786635675','西1人民路（西）人民路==','A2CC20163',10,'2014-05-04 16:37:33','2014-05-04 16:37:33',0,'','1','2014-05-04 16:37:33','2014-05-04 16:37:33'),
	(164,'锦和连锁超市（人民路）',13,2,7,6,'===','2518016','东2人民路（东）人民路==','G2BC10164',5,'2014-05-04 16:38:14','2014-05-04 16:38:14',0,'','1','2014-05-04 16:38:14','2014-05-04 16:38:14'),
	(165,'华华对面烧烤',10,3,8,9,'无==','15080661446','西1人民路（西）农校===','F2CC20165',10,'2014-05-04 16:38:35','2014-05-04 16:38:35',0,'','1','2014-05-04 16:38:35','2014-05-04 16:38:35'),
	(166,'亮亮批发部',13,2,67,6,'===','13077274062','东2红庙街红庙街==','G2Bp10166',5,'2014-05-04 16:39:17','2014-05-04 16:39:17',0,'','1','2014-05-04 16:39:17','2014-05-04 16:39:17'),
	(167,'运平餐馆',4,3,8,9,'无==','13875172627','西1人民路（西）人民路-=','A2CC20167',10,'2014-05-04 16:39:33','2014-05-04 16:39:33',0,'','1','2014-05-04 16:39:33','2014-05-04 16:39:33'),
	(168,'金旺角',13,2,67,6,'====','7775876','东2红庙街红庙街==','G2Bp10168',5,'2014-05-04 16:40:10','2014-05-04 16:40:10',0,'','1','2014-05-04 16:40:10','2014-05-04 16:40:10'),
	(169,'晓维农家菜馆',4,3,8,9,'无==','13117367978','西1人民路（西）姚总对面=','A2CC20169',10,'2014-05-04 16:40:58','2014-05-04 16:40:58',0,'','1','2014-05-04 16:40:58','2014-05-04 16:40:58'),
	(170,'百威啤酒城',1,3,11,9,'杨老板','18607368428','西1育才路（西）育才路==','A1·CE20170',5,'2014-05-04 16:43:07','2014-05-04 16:43:07',700,'','1','2014-05-04 16:43:07','2014-05-04 16:43:07'),
	(171,'东区毫利',13,2,84,6,'===','7778696','东2青年路青年路==','G2Bt40171',5,'2014-05-04 16:44:50','2014-05-04 16:44:50',0,'','1','2014-05-04 16:44:50','2014-05-04 16:44:50'),
	(172,'常青超市',1,3,8,9,'无==','18073569507','东1人民路（西）农校===','A1·CC20172',5,'2014-05-04 16:45:09','2014-05-04 16:45:09',300,'','1','2014-05-04 16:45:09','2014-05-04 16:52:23'),
	(173,'华湘超市',13,3,43,9,'无==','========','西1朝阳路朝阳路==','G2Ca0173',5,'2014-05-04 16:46:51','2014-05-04 16:46:51',0,'','1','2014-05-04 16:46:51','2014-05-07 21:20:06'),
	(174,'云峰商行',13,2,73,6,'===','2600597','东2金钻广场金钻广场=','G2Bv10174',5,'2014-05-04 16:47:24','2014-05-04 16:47:24',300,'','1','2014-05-04 16:47:24','2014-05-04 16:47:24'),
	(175,'我的家香',2,2,83,6,'====','15573671223','东2农资市场农资市场=','B1Br10175',5,'2014-05-04 16:50:22','2014-05-04 16:50:22',300,'','1','2014-05-04 16:50:22','2014-05-04 16:50:22'),
	(176,'蓝昕批发部',13,2,2,6,'====','7221270','东2建设路（东）建设路==','G2BD10176',5,'2014-05-04 16:52:30','2014-05-04 16:52:30',0,'','1','2014-05-04 16:52:30','2014-05-04 16:52:30'),
	(177,'8号公寓',1,3,8,9,'无==','=======','西1人民路（西）农校里面=','A1CC20177',5,'2014-05-04 16:53:31','2014-05-04 16:53:31',0,'','1','2014-05-04 16:53:31','2014-05-07 21:20:53'),
	(178,'久龙超市',13,3,8,9,'文总','13974279505','西1人民路（西）人民路==','G2CC20178',5,'2014-05-04 16:54:39','2014-05-04 16:54:39',0,'','1','2014-05-04 16:54:39','2014-05-04 16:54:39'),
	(179,'安师傅烤鱼城',9,2,68,6,'===','13973668517','东2文理东院文理东院=','F1Bq10179',5,'2014-05-04 16:57:50','2014-05-04 16:57:50',1200,'','1','2014-05-04 16:57:50','2014-05-04 16:57:50'),
	(180,'吊炸天',4,3,63,9,'李老板','18075642863','西1临江路临江路==','A2Cd60180',10,'2014-05-04 16:58:10','2014-05-04 16:58:10',0,'','1','2014-05-04 16:58:10','2014-05-04 16:58:10'),
	(181,'三九鸭霸王',4,3,63,9,'田老板','15274258660','西1临江路临江路==','A2Cd60181',10,'2014-05-04 16:59:31','2014-05-04 16:59:31',0,'','1','2014-05-04 16:59:31','2014-05-04 16:59:31'),
	(182,'龙祥商行',13,2,1,6,'====','15697368798','东2武陵大道（东）======','G2BA10182',5,'2014-05-04 17:01:24','2014-05-04 17:01:24',400,'','1','2014-05-04 17:01:24','2014-05-04 17:01:24'),
	(183,'亿口香龙虾',9,3,11,9,'无老板','13317306283','西1育才路（西）育才路==','F1CE20183',5,'2014-05-04 17:02:12','2014-05-04 17:02:12',400,'','1','2014-05-04 17:02:12','2014-05-04 17:02:12'),
	(184,'群涛商行',13,2,7,6,'==','13973652849','东2人民路（东）人民路==','G2BC10184',5,'2014-05-04 17:02:24','2014-05-04 17:02:24',0,'','1','2014-05-04 17:02:24','2014-05-04 17:02:24'),
	(185,'小赵名烟名酒',13,2,7,6,'===','2589199','东2人民路（东）人民路==','G2BC10185',5,'2014-05-04 17:03:27','2014-05-04 17:03:27',0,'','1','2014-05-04 17:03:27','2014-05-04 17:03:27'),
	(186,'慈利老烧烤',10,4,57,8,'赵老板','13875195162','西2长升街长源路==','F2Dd30186',10,'2014-05-04 17:04:22','2014-05-04 17:04:22',0,'','1','2014-05-04 17:04:22','2014-05-04 17:04:22'),
	(187,'首佳超市',13,2,7,6,'===','7308181','东2人民路（东）人民路==','G2BC10187',5,'2014-05-04 17:04:52','2014-05-04 17:04:52',0,'','1','2014-05-04 17:04:52','2014-05-04 17:04:52'),
	(188,'全全商店',13,2,7,6,'==','7775891','东2人民路（东）人民路==','G2BC10188',5,'2014-05-04 17:05:39','2014-05-04 17:05:39',0,'','1','2014-05-04 17:05:39','2014-05-04 17:05:39'),
	(189,'重庆鸡公堡',6,4,14,8,'无==','2559610','西2滨湖路（西）文理西院==','C2DG20189',10,'2014-05-04 17:05:51','2014-05-04 17:05:51',0,'','1','2014-05-04 17:05:51','2014-05-04 17:05:51'),
	(190,'全聚福',13,2,2,6,'==','15507367669','东2建设路（东）建设路==','G2BD10190',5,'2014-05-04 17:06:35','2014-05-04 17:06:35',0,'','1','2014-05-04 17:06:35','2014-05-04 17:06:35'),
	(191,'潘琦',14,2,67,6,'潘琦','！！！！','东2红庙街红庙街。。。','HBp10191',5,'2014-05-04 17:07:42','2014-05-04 17:07:42',0,'','1','2014-05-04 17:07:42','2014-05-04 17:07:42'),
	(192,'金钻小卖部',13,1,73,6,'！！！','2557273','东1金钻广场金钻广场。。','G2Av10192',5,'2014-05-04 17:08:26','2014-05-04 17:08:26',0,'','1','2014-05-04 17:08:26','2014-05-04 17:08:26'),
	(193,'疯狂花甲',10,4,57,8,'无＝＝','13347363788','西2长升街心灵眼镜旁','F2Dd30193',10,'2014-05-04 17:09:02','2014-05-04 17:09:02',0,'','1','2014-05-04 17:09:02','2014-05-04 17:09:02'),
	(194,'陈氏名烟名酒',1,2,1,6,'陈老板','！！！','东2武陵大道（东）！！！！！','A1·BA10194',5,'2014-05-04 17:09:10','2014-05-04 17:09:10',0,'','1','2014-05-04 17:09:10','2014-05-04 17:09:10'),
	(195,'新明快餐',6,1,1,6,'。。。。','。。。。。','东1武陵大道（东）。。。。。','C2AA10195',10,'2014-05-04 17:10:08','2014-05-04 17:10:08',0,'','1','2014-05-04 17:10:08','2014-05-04 17:10:08'),
	(196,'小夫妻开心花甲',10,4,57,8,'胡总','18670653884','西2长升街长升街＝＝','F2Dd30196',10,'2014-05-04 17:10:30','2014-05-04 17:10:30',0,'','1','2014-05-04 17:10:30','2014-05-04 17:10:30'),
	(197,'湘汇快餐店',6,2,1,6,'。。。。。','。。。。。。','东2武陵大道（东）。。。。。。','C2BA10197',10,'2014-05-04 17:10:36','2014-05-04 17:10:36',0,'','1','2014-05-04 17:10:36','2014-05-04 17:10:36'),
	(198,'锦源超市',13,1,65,6,'。。。。','7766113','东1三闾路楠竹山。。。','G2An10198',5,'2014-05-04 17:11:26','2014-05-04 17:11:26',0,'','1','2014-05-04 17:11:26','2014-05-04 17:11:26'),
	(199,'芙蓉烧烤',8,4,12,8,'姚老板','13054026864','西2洞庭大道（西）洞庭大道＝','E1DF20199',5,'2014-05-04 17:12:29','2014-05-04 17:12:29',1000,'','1','2014-05-04 17:12:29','2014-05-04 17:12:29'),
	(200,'三峡烤鱼王',9,2,7,3,'刘老板','15115607886·················','东2人民路（东）甘露市对面','F1BC10200',5,'2014-05-04 17:13:17','2014-05-04 17:13:17',0,'','1','2014-05-04 17:13:17','2014-05-04 17:13:17'),
	(201,'华兴超市',13,2,1,6,'11111','11111','东2武陵大道（东）1111111','G2BA10201',5,'2014-05-04 17:13:53','2014-05-04 17:13:53',0,'','1','2014-05-04 17:13:53','2014-05-04 17:13:53'),
	(202,'烤翅一绝',10,4,57,8,'无＝＝','13549600815','西2长升街颐园宾馆＝','F2Dd30202',10,'2014-05-04 17:14:01','2014-05-04 17:14:01',0,'','1','2014-05-04 17:14:01','2014-05-04 17:14:01'),
	(203,'鑫光超市',13,2,1,6,'11111111','11111111111','东2武陵大道（东）11111111111','G2BA10203',5,'2014-05-04 17:14:14','2014-05-04 17:14:14',0,'','1','2014-05-04 17:14:14','2014-05-04 17:14:14'),
	(204,'回味夜市',9,2,71,6,'刘老板','15197660197','东2再就业老广场。。。','F1Bt30204',5,'2014-05-04 17:15:52','2014-05-04 17:15:52',0,'','1','2014-05-04 17:15:52','2014-05-04 17:15:52'),
	(205,'乡村鲜和馆',9,4,54,8,'王总','15973622839','西2岩桥岩桥＝＝＝','F1Dl0205',5,'2014-05-04 17:16:47','2014-05-04 17:16:47',300,'','1','2014-05-04 17:16:47','2014-05-04 17:16:47'),
	(206,'李记辣椒炒蟹',9,2,71,6,'李老板','15973621852','东2再就业老广场.。。','F1Bt30206',5,'2014-05-04 17:17:19','2014-05-04 17:17:19',350,'','1','2014-05-04 17:17:19','2014-05-04 17:17:19'),
	(207,'天下第一味',10,4,57,8,'==','13575192704','西2长升街长升街＝＝','F2Dd30207',10,'2014-05-04 17:18:10','2014-05-04 17:18:10',0,'','1','2014-05-04 17:18:10','2014-05-07 21:03:59'),
	(208,'李师傅烧烤',9,2,71,6,'李老板','18673653408','东2再就业老广场。。。','F1Bt30208',5,'2014-05-04 17:18:46','2014-05-04 17:18:46',400,'','1','2014-05-04 17:18:46','2014-05-04 17:18:46'),
	(209,'红红火火',10,4,57,8,'无＝＝','15507362689','西2长升街长升街＝＝','F2Dd30209',10,'2014-05-04 17:18:53','2014-05-04 17:18:53',0,'','1','2014-05-04 17:18:53','2014-05-04 17:18:53'),
	(210,'香香又见炊烟',10,4,47,8,'无＝＝','13548849035','西2高车路高车路＝＝','F2De0210',10,'2014-05-04 17:19:51','2014-05-04 17:19:51',0,'','1','2014-05-04 17:19:51','2014-05-04 17:19:51'),
	(211,'小彭烧烤',9,2,71,6,'彭老板','13027288695','东2再就业老广场。。。','F1Bt30211',5,'2014-05-04 17:19:59','2014-05-04 17:19:59',200,'','1','2014-05-04 17:19:59','2014-05-04 17:19:59'),
	(212,'满意烟酒',13,4,4,8,'无＝＝','7171055','西2武陵大道（西）洞庭大道＝','G2DA20212',5,'2014-05-04 17:20:52','2014-05-04 17:20:52',0,'','1','2014-05-04 17:20:52','2014-05-04 17:20:52'),
	(213,'毛师傅烧烤',10,4,57,8,'毛老板＝','15973606209','西2长升街长升街＝＝','F2Dd30213',10,'2014-05-04 17:22:10','2014-05-04 17:22:10',0,'','1','2014-05-04 17:22:10','2014-05-04 17:22:10'),
	(214,'雪花扎啤城',10,4,12,8,'无＝＝','15211311119','西2洞庭大道（西）洞庭大道＝','F2DF20214',10,'2014-05-04 17:23:36','2014-05-04 17:23:36',0,'','1','2014-05-04 17:23:36','2014-05-04 17:23:36'),
	(215,'一品香烧烤',10,4,12,8,'刘总','13786652028','西2洞庭大道（西）洞庭大道＝','F2DF20215',10,'2014-05-04 17:24:33','2014-05-04 17:24:33',0,'','1','2014-05-04 17:24:33','2014-05-04 17:24:33'),
	(216,'江哥烧烤',10,4,45,8,'江老板','15211289755','西2龙港路龙港路＝＝','F2Dc0216',10,'2014-05-04 17:26:12','2014-05-04 17:26:12',0,'','1','2014-05-04 17:26:12','2014-05-04 17:26:12'),
	(217,'口口香烧烤',10,4,57,8,'无＝＝','13575217264','西2长升街长升街＝＝','F2Dd30217',10,'2014-05-04 17:27:51','2014-05-04 17:27:51',0,'','1','2014-05-04 17:27:51','2014-05-04 17:27:51'),
	(218,'美壹家超市',13,4,22,8,'无＝＝','2660670','西2新河路（西）新河路＝＝','G2DK20218',5,'2014-05-04 17:29:36','2014-05-04 17:29:36',0,'','1','2014-05-04 17:29:36','2014-05-04 17:29:36'),
	(219,'成吉思汗',10,4,12,8,'无＝＝','=======','西2洞庭大道（西）洞庭大道＝','F2DF20219',10,'2014-05-04 17:30:39','2014-05-04 17:30:39',0,'','1','2014-05-04 17:30:39','2014-05-07 21:22:48'),
	(220,'杨姐烧烤',10,4,12,8,'杨老板','无＝＝＝＝','西2洞庭大道（西）洞庭大道＝','F2DF20220',10,'2014-05-04 17:32:13','2014-05-04 17:32:13',0,'','1','2014-05-04 17:32:13','2014-05-04 17:32:13'),
	(221,'胖哥烧烤',10,4,57,8,'无＝＝','13657364815','西2长升街长升街＝＝','F2Dd30221',10,'2014-05-04 17:33:17','2014-05-04 17:33:17',0,'','1','2014-05-04 17:33:17','2014-05-04 17:33:17'),
	(222,'河伏烧烤',10,4,52,8,'李老板','13787364678','西2河伏河伏＝＝＝','F2Dj0222',10,'2014-05-04 17:35:21','2014-05-04 17:35:21',0,'','1','2014-05-04 17:35:21','2014-05-04 17:35:21'),
	(223,'河伏唐老板',13,4,52,8,'唐老板','无＝＝','西2河伏河伏＝＝＝＝','G2Dj0223',5,'2014-05-04 17:36:47','2014-05-04 17:36:47',0,'','1','2014-05-04 17:36:47','2014-05-04 17:36:47'),
	(224,'杰诚商行',13,4,56,8,'无＝','13786650020','西2火车站火车站糖酒副食城','G2Da30224',5,'2014-05-04 17:38:34','2014-05-04 17:38:34',0,'','1','2014-05-04 17:38:34','2014-05-04 17:38:34'),
	(225,'华运酒家',3,4,51,8,'李老板','18975639063','西2华南华南＝＝＝','C1Di0225',5,'2014-05-04 17:39:45','2014-05-04 17:39:45',0,'','1','2014-05-04 17:39:45','2014-05-04 17:39:45'),
	(226,'小辣椒烧烤',10,4,57,8,'无＝','15115716747','西2长升街长升街＝＝','F2Dd30226',10,'2014-05-04 17:40:27','2014-05-04 17:40:27',0,'','1','2014-05-04 17:40:27','2014-05-04 17:40:27'),
	(227,'大嘴巴烧烤',10,4,57,8,'无＝','15675630580','西2长升街长升街＝＝','F2Dd30227',10,'2014-05-04 17:41:11','2014-05-04 17:41:11',0,'','1','2014-05-04 17:41:11','2014-05-04 17:41:11'),
	(228,'爱情麻辣烫',10,4,57,8,'无＝','18627635098','西2长升街长升街＝＝','F2Dd30228',10,'2014-05-04 17:42:06','2014-05-04 17:42:06',0,'','1','2014-05-04 17:42:06','2014-05-04 17:42:06'),
	(229,'好滋味烧烤',10,4,57,8,'无＝','13873645746','西2长升街长升街＝＝','F2Dd30229',10,'2014-05-04 17:42:50','2014-05-04 17:42:50',0,'','1','2014-05-04 17:42:50','2014-05-04 17:42:50'),
	(230,'小文商店',13,4,58,8,'文老板','2630715','西2长源街长源街＝＝','G2Dd40230',5,'2014-05-04 17:43:55','2014-05-04 17:43:55',0,'','1','2014-05-04 17:43:55','2014-05-04 17:43:55'),
	(231,'启程粮油店',13,4,58,8,'无＝','2685658','西2长源街长源街＝＝','G2Dd40231',5,'2014-05-04 17:46:21','2014-05-04 17:46:21',0,'','1','2014-05-04 17:46:21','2014-05-04 17:46:21'),
	(232,'喜洋洋开心花甲',10,4,57,8,'无＝','13973623874','西2长升街长升街＝＝','F2Dd30232',10,'2014-05-04 17:47:10','2014-05-04 17:47:10',0,'','1','2014-05-04 17:47:10','2014-05-04 17:47:10'),
	(233,'聚湘缘餐馆',6,4,58,8,'无＝','18684612804','西2长源街长源街＝＝','C2Dd40233',10,'2014-05-04 17:48:13','2014-05-04 17:48:13',0,'','1','2014-05-04 17:48:13','2014-05-04 17:48:13'),
	(234,'大嘴巴中餐',6,4,58,8,'无＝','2610220','西2长源街长源街＝＝','C2Dd40234',10,'2014-05-04 17:48:48','2014-05-04 17:48:48',0,'','1','2014-05-04 17:48:48','2014-05-04 17:48:48'),
	(235,'正宗浏阳特色菜',6,4,58,8,'无＝','13975645007','西2长源街长源街＝＝','C2Dd40235',10,'2014-05-04 17:49:56','2014-05-04 17:49:56',0,'','1','2014-05-04 17:49:56','2014-05-04 17:49:56'),
	(236,'百味园',6,4,58,8,'无＝','15080670991','西2长源街长源街＝＝','C2Dd40236',10,'2014-05-04 17:50:35','2014-05-04 17:50:35',0,'','1','2014-05-04 17:50:35','2014-05-04 17:50:35'),
	(237,'意家富超市',13,4,18,8,'无＝','7089818','西2沙港路（西）沙港路＝＝','G2DI20237',5,'2014-05-04 17:52:09','2014-05-04 17:52:09',0,'','1','2014-05-04 17:52:09','2014-05-04 17:52:09'),
	(238,'幺妹餐馆',13,4,56,8,'无＝','15673622328','西2火车站糖酒副食城','G2Da30238',5,'2014-05-04 17:53:13','2014-05-04 17:53:13',0,'','1','2014-05-04 17:53:13','2014-05-04 17:53:13'),
	(239,'碳烤羊腿',10,4,12,8,'无＝','7170027','西2洞庭大道（西）洞庭大道＝','F2DF20239',10,'2014-05-04 17:54:16','2014-05-04 17:54:16',0,'','1','2014-05-04 17:54:16','2014-05-04 17:54:16'),
	(240,'曼哈顿酒吧',9,4,58,8,'无＝','无＝＝＝＝','西2长源街长源街＝＝','F1Dd40240',5,'2014-05-04 17:56:29','2014-05-04 17:56:29',0,'','1','2014-05-04 17:56:29','2014-05-04 17:56:29'),
	(241,'老帅烧烤',10,4,56,8,'刘老板','13237368299','西2火车站火车站＝＝','F2Da30241',10,'2014-05-04 17:57:14','2014-05-04 17:57:14',0,'','1','2014-05-04 17:57:14','2014-05-04 17:57:14'),
	(242,'老黄烧烤',10,4,56,8,'李老板','13677743488','西2火车站火车站＝＝','F2Da30242',10,'2014-05-04 17:57:51','2014-05-04 17:57:51',0,'','1','2014-05-04 17:57:51','2014-05-04 17:57:51'),
	(243,'小兵鸭霸王',6,4,56,8,'同老板','18932156632','西2火车站火车站＝＝','C2Da30243',10,'2014-05-04 17:59:03','2014-05-04 17:59:03',200,'','1','2014-05-04 17:59:03','2014-05-04 17:59:03'),
	(244,'剑华烧烤',9,4,56,8,'宋老板','13511165087','西2火车站火车站＝＝','F1Da30244',5,'2014-05-04 18:01:44','2014-05-04 18:01:44',200,'','1','2014-05-04 18:01:44','2014-05-04 18:01:44'),
	(245,'康复好再来',13,4,45,8,'无＝','无＝＝＝＝','西2龙港路龙港路＝＝','G2Dc0245',5,'2014-05-04 18:03:27','2014-05-04 18:03:27',400,'','1','2014-05-04 18:03:27','2014-05-04 18:03:27'),
	(246,'一叶舟烧烤',9,4,56,8,'刘老板','13875128817','西2火车站火车站＝＝','F1Da30246',5,'2014-05-04 18:04:44','2014-05-04 18:04:44',200,'','1','2014-05-04 18:04:44','2014-05-04 18:04:44'),
	(247,'长毛烧烤',9,4,56,8,'杨老板','13667480660','西2火车站火车站＝＝','F1Da30247',5,'2014-05-04 18:05:54','2014-05-04 18:05:54',200,'','1','2014-05-04 18:05:54','2014-05-04 18:05:54'),
	(248,'众品香',9,4,56,8,'周老板','13875176170','西2火车站火车站＝＝','F1Da30248',5,'2014-05-04 18:06:47','2014-05-04 18:06:47',200,'','1','2014-05-04 18:06:47','2014-05-04 18:06:47'),
	(249,'满记香辣蟹',9,4,56,8,'何总','18273661636','西2火车站火车站＝＝','F1Da30249',5,'2014-05-04 18:08:03','2014-05-04 18:08:03',200,'','1','2014-05-04 18:08:03','2014-05-04 18:08:03'),
	(250,'三毛烧烤',8,4,43,8,'张老板','13875086343','西2朝阳路朝阳路＝＝','E1Da0250',5,'2014-05-04 18:09:42','2014-05-04 18:09:42',1000,'','1','2014-05-04 18:09:42','2014-05-04 18:09:42'),
	(251,'新口味烧烤',9,4,56,8,'康老板','15211250356','西2火车站火车站＝＝','F1Da30251',5,'2014-05-04 18:10:30','2014-05-04 18:10:30',200,'','1','2014-05-04 18:10:30','2014-05-04 18:10:30'),
	(252,'老李烧烤',9,2,71,6,'李总','18607064631','东2再就业老体育馆=','F1Bt30252',5,'2014-05-04 18:11:58','2014-05-04 18:11:58',400,'','1','2014-05-04 18:11:58','2014-05-04 18:11:58'),
	(253,'渝湘园',9,4,56,8,'梁老板','13762685236','西2火车站火车站＝＝','F1Da30253',5,'2014-05-04 18:12:39','2014-05-04 18:12:39',200,'','1','2014-05-04 18:12:39','2014-05-04 18:12:39'),
	(254,'杨氏烧烤',9,2,71,6,'杨总','18673633027','东2再就业老体育馆=','F1Bt30254',5,'2014-05-04 18:13:36','2014-05-04 18:13:36',400,'','1','2014-05-04 18:13:36','2014-05-04 18:13:36'),
	(255,'8090烧烤',9,4,56,8,'高老板','13973662662','西2火车站火车站＝＝','F1Da30255',5,'2014-05-04 18:13:52','2014-05-04 18:13:52',200,'','1','2014-05-04 18:13:52','2014-05-04 18:13:52'),
	(256,'龚记烧烤',10,4,43,8,'龚老板','13549635230','西2朝阳路朝阳路＝＝','F2Da0256',10,'2014-05-04 18:14:43','2014-05-04 18:14:43',0,'','1','2014-05-04 18:14:43','2014-05-04 18:14:43'),
	(257,'龙锅烧烤',9,2,71,6,'龙总','18975660902','东2再就业老体育馆=','F1Bt30257',5,'2014-05-04 18:14:47','2014-05-04 18:14:47',400,'','1','2014-05-04 18:14:47','2014-05-04 18:14:47'),
	(258,'到味餐厅',10,4,12,8,'胡老板','15115704999','西2洞庭大道（西）洞庭大道＝','F2DF20258',10,'2014-05-04 18:15:38','2014-05-04 18:15:38',0,'','1','2014-05-04 18:15:38','2014-05-04 18:15:38'),
	(259,'翦师傅',9,2,71,6,'翦总','15573645515','东2再就业老体育馆=','F1Bt30259',5,'2014-05-04 18:15:43','2014-05-04 18:15:43',200,'','1','2014-05-04 18:15:43','2014-05-04 18:15:43'),
	(260,'眼镜烧烤',9,4,43,8,'徐老板','13072162969','西2朝阳路朝阳路＝＝','F1Da0260',5,'2014-05-04 18:17:12','2014-05-04 18:17:12',600,'','1','2014-05-04 18:17:12','2014-05-04 18:17:12'),
	(261,'张姐川味',9,2,71,6,'张总','13975621751','东2再就业老体育馆=','F1Bt30261',5,'2014-05-04 18:17:45','2014-05-04 18:17:45',200,'','1','2014-05-04 18:17:45','2014-05-04 18:17:45'),
	(262,'小郭烧烤',9,2,71,6,'郭总','13975606651','东2再就业老体育馆=','F1Bt30262',5,'2014-05-04 18:19:16','2014-05-04 18:19:16',400,'','1','2014-05-04 18:19:16','2014-05-04 18:19:16'),
	(263,'岳阳烧烤',9,2,71,6,'黄总','15607421118','东2再就业老体育馆=','F1Bt30263',5,'2014-05-04 18:21:04','2014-05-04 18:21:04',400,'','1','2014-05-04 18:21:04','2014-05-04 18:21:04'),
	(264,'二娘钵子馆',4,2,65,6,'刘总','7277788','东2三闾路三闾===','A2Bn10264',10,'2014-05-04 18:22:40','2014-05-04 18:22:40',0,'','1','2014-05-04 18:22:40','2014-05-04 18:22:40'),
	(265,'美邻美舍',13,2,7,6,'黄总','=====','东2人民路（东）人民路==','G2BC10265',5,'2014-05-04 18:23:45','2014-05-04 18:23:45',0,'','1','2014-05-04 18:23:45','2014-05-04 18:23:45'),
	(266,'中国至上',6,2,75,6,'梅总','18673622908','东2高山街高山街==','C2Bx10266',10,'2014-05-04 18:26:20','2014-05-04 18:26:20',0,'','1','2014-05-04 18:26:20','2014-05-04 18:26:20'),
	(267,'金钻锦和超市',13,2,73,6,'====','====','东2金钻广场金钻广场=','G2Bv10267',5,'2014-05-04 18:27:22','2014-05-04 18:27:22',0,'','1','2014-05-04 18:27:22','2014-05-04 18:27:22'),
	(268,'兄弟土鸡店',6,2,7,6,'===','15115790210','东2人民路（东）人民路==','C2BC10268',10,'2014-05-04 18:28:26','2014-05-04 18:28:26',0,'','1','2014-05-04 18:28:26','2014-05-04 18:28:26'),
	(269,'鸿运土菜馆',6,2,7,6,'郭总','13787880937','东2人民路（东）人民路==','C2BC10269',10,'2014-05-04 18:29:27','2014-05-04 18:29:27',0,'','1','2014-05-04 18:29:27','2014-05-04 18:29:27'),
	(270,'闻香居铁板烧',10,2,65,6,'===','15211311025','东2三闾路三闾路==','F2Bn10270',10,'2014-05-04 18:30:34','2014-05-04 18:30:34',0,'','1','2014-05-04 18:30:34','2014-05-04 18:30:34'),
	(271,'新绝味',6,2,65,6,'++++','18673760043','东2三闾路三闾路++','C2Bn10271',10,'2014-05-05 11:59:51','2014-05-05 11:59:51',0,'','1','2014-05-05 11:59:51','2014-05-05 11:59:51'),
	(272,'杨贵妃大排档',10,2,81,6,'杨=','15873665534','东2五村新五村==','F2Bn20272',10,'2014-05-05 12:15:06','2014-05-05 12:15:06',0,'','1','2014-05-05 12:15:06','2014-05-05 12:15:06'),
	(273,'沅安路烧烤',10,2,5,6,'====','15886612192','东2沅安路（东）沅安路==','F2BB10273',10,'2014-05-05 12:16:24','2014-05-05 12:16:24',0,'','1','2014-05-05 12:16:24','2014-05-05 12:16:24'),
	(274,'德湘园',3,2,79,6,'高总','15886687968','东2一村一村===','C1Bt10274',5,'2014-05-05 12:18:50','2014-05-05 12:18:50',200,'','1','2014-05-05 12:18:50','2014-05-05 12:18:50'),
	(275,'苗家',3,2,71,6,'鄢总','13077287678','东2再就业老体育馆=','C1Bt30275',5,'2014-05-05 12:20:35','2014-05-05 12:20:35',400,'','1','2014-05-05 12:20:35','2014-05-05 12:20:35'),
	(276,'张军',9,2,2,6,'张总','18673761881','东2建设路（东）建设路==','F1BD10276',5,'2014-05-05 12:22:37','2014-05-05 12:22:37',0,'','1','2014-05-05 12:22:37','2014-05-05 12:22:37'),
	(277,'高山街批发部',13,2,75,6,'刘总','7237943','东2高山街高山街==','G2Bx10277',5,'2014-05-05 12:23:50','2014-05-05 12:23:50',0,'','1','2014-05-05 12:23:50','2014-05-05 12:23:50'),
	(278,'李勇特色菜',9,2,71,6,'李总','15973056219','东2再就业老体育馆=','F1Bt30278',5,'2014-05-05 12:25:08','2014-05-05 12:25:08',200,'','1','2014-05-05 12:25:08','2014-05-05 12:25:08'),
	(279,'老二家常菜',9,2,71,6,'老二','15367758855','东2再就业老体育馆=','F1Bt30279',5,'2014-05-05 12:26:45','2014-05-05 12:26:45',100,'','1','2014-05-05 12:26:45','2014-05-05 12:26:45'),
	(280,'小祝烤鱼',9,2,71,6,'祝总','15573689198','东2再就业老体育馆=','F1Bt30280',5,'2014-05-05 12:27:49','2014-05-05 12:27:49',200,'','1','2014-05-05 12:27:49','2014-05-05 12:27:49'),
	(281,'杨妈烧烤',9,2,71,6,'杨妈','13298611339','东2再就业老体育馆=','F1Bt30281',5,'2014-05-05 12:29:00','2014-05-05 12:29:00',200,'','1','2014-05-05 12:29:00','2014-05-05 12:29:00'),
	(282,'雪花扎啤城（东）',10,2,65,6,'==','=====','东2三闾路三闾路==','F2Bn10282',10,'2014-05-05 12:31:09','2014-05-05 12:31:09',0,'','1','2014-05-05 12:31:09','2014-05-05 12:31:09'),
	(283,'羊虾将',10,2,73,6,'刘总','15115711111','东2金钻广场金钻广场=','F2Bv10283',10,'2014-05-05 12:33:37','2014-05-05 12:33:37',0,'','1','2014-05-05 12:33:37','2014-05-05 12:33:37'),
	(284,'大胡子烧烤',9,2,71,6,'大胡子','18973667529','东2再就业老体育馆=','F1Bt30284',5,'2014-05-05 12:35:03','2014-05-05 12:35:03',400,'','1','2014-05-05 12:35:03','2014-05-05 12:35:03'),
	(285,'曾老倌猪脚',10,2,71,6,'曾总','13203613033','东2再就业老体育馆=','F2Bt30285',10,'2014-05-05 12:36:51','2014-05-05 12:36:51',0,'','1','2014-05-05 12:36:51','2014-05-05 12:36:51'),
	(286,'郭英商店',13,2,83,6,'郭英','18711622510','东2农资市场农资大市场','G2Br10286',5,'2014-05-05 12:38:46','2014-05-05 12:38:46',0,'','1','2014-05-05 12:38:46','2014-05-05 12:38:46'),
	(287,'口口香石锅鱼',9,2,3,6,'沈总','15367779441','东2洞庭大道（东）洞庭大道=','F1BF10287',5,'2014-05-05 12:42:08','2014-05-05 12:42:08',200,'','1','2014-05-05 12:42:08','2014-05-05 12:42:08'),
	(288,'王哥',13,2,65,6,'王总','13077227508','东2三闾路三闾路==','G2Bn10288',5,'2014-05-05 12:43:38','2014-05-05 12:43:38',0,'','1','2014-05-05 12:43:38','2014-05-05 12:43:38'),
	(289,'西雅图',10,4,1,8,'胡总','15211303595','西2武陵大道（东）吴====','F2DA10289',10,'2014-05-07 21:29:20','2014-05-07 21:07:04',0,'','1','2014-05-07 21:07:04','2014-05-07 21:29:20'),
	(290,'强盛烧烤',10,3,8,9,'==','18373600688','西1人民路（西）农校','F2CC20290',10,'2014-05-07 21:09:08','2014-05-07 21:09:08',0,'','1','2014-05-07 21:09:08','2014-05-07 21:09:08');

/*!40000 ALTER TABLE `erp_branch` ENABLE KEYS */;
UNLOCK TABLES;


# Dump of table erp_branch_good
# ------------------------------------------------------------

DROP TABLE IF EXISTS `erp_branch_good`;

CREATE TABLE `erp_branch_good` (
  `id` int(10) unsigned NOT NULL AUTO_INCREMENT,
  `branch_id` int(10) unsigned NOT NULL,
  `pay_status` enum('0','1') COLLATE utf8_unicode_ci NOT NULL,
  `stock` int(11) NOT NULL,
  `memo` varchar(255) COLLATE utf8_unicode_ci NOT NULL,
  `created_at` timestamp NOT NULL DEFAULT '0000-00-00 00:00:00',
  `updated_at` timestamp NOT NULL DEFAULT '0000-00-00 00:00:00',
  PRIMARY KEY (`id`)
) ENGINE=InnoDB DEFAULT CHARSET=utf8 COLLATE=utf8_unicode_ci;

LOCK TABLES `erp_branch_good` WRITE;
/*!40000 ALTER TABLE `erp_branch_good` DISABLE KEYS */;

INSERT INTO `erp_branch_good` (`id`, `branch_id`, `pay_status`, `stock`, `memo`, `created_at`, `updated_at`)
VALUES
	(1,1,'0',2200,'制作雨棚一个，1万2千元整。','2014-04-21 19:50:30','2014-04-21 19:50:30'),
	(2,3,'0',200,'','2014-05-04 14:07:32','2014-05-04 14:07:32'),
	(3,4,'0',300,'冰箱一台','2014-05-04 14:10:45','2014-05-04 14:10:45'),
	(4,5,'0',10,'无销量','2014-05-04 14:13:27','2014-05-04 14:13:27'),
	(5,8,'0',10,'无','2014-05-04 14:17:02','2014-05-04 14:17:02'),
	(6,11,'0',200,'无','2014-05-04 14:20:18','2014-05-04 14:20:18'),
	(7,15,'0',10,'无','2014-05-04 14:22:22','2014-05-04 14:22:22'),
	(8,20,'0',300,'冰柜单门一台','2014-05-04 14:26:42','2014-05-04 14:26:42'),
	(9,26,'0',300,'单门冰柜一台','2014-05-04 14:30:55','2014-05-04 14:30:55'),
	(10,44,'0',300,'','2014-05-04 14:46:51','2014-05-04 14:46:51'),
	(11,46,'0',300,'','2014-05-04 14:48:13','2014-05-04 14:48:13'),
	(12,54,'0',300,'冰箱一台','2014-05-04 15:00:06','2014-05-04 15:00:06'),
	(13,55,'0',300,'单门冰柜','2014-05-04 15:03:06','2014-05-04 15:03:06'),
	(14,58,'0',200,'','2014-05-04 15:06:25','2014-05-04 15:06:25'),
	(15,59,'0',200,'','2014-05-04 15:08:28','2014-05-04 15:08:28'),
	(16,65,'0',300,'','2014-05-04 15:13:44','2014-05-04 15:13:44'),
	(17,71,'0',4000,'雨棚一个','2014-05-04 15:19:12','2014-05-04 15:19:12'),
	(18,73,'0',400,'双门冰柜一台','2014-05-04 15:22:07','2014-05-04 15:22:07'),
	(19,76,'0',1000,'给予1000元现金','2014-05-04 15:26:13','2014-05-04 15:26:13'),
	(20,82,'0',1000,'给现金2000','2014-05-04 15:32:52','2014-05-04 15:32:52'),
	(21,106,'0',200,'给予20件小支','2014-05-04 15:56:19','2014-05-04 15:56:19'),
	(22,149,'0',300,'冰柜一台','2014-05-04 16:28:37','2014-05-04 16:28:37'),
	(23,170,'0',700,'单门冰柜两台','2014-05-04 16:43:07','2014-05-04 16:43:07'),
	(24,172,'0',300,'一件返利3元','2014-05-04 16:45:09','2014-05-04 16:45:09'),
	(25,174,'0',300,'冰柜一台','2014-05-04 16:47:24','2014-05-04 16:47:24'),
	(26,175,'0',300,'冰柜一台','2014-05-04 16:50:22','2014-05-04 16:50:22'),
	(27,179,'0',1200,'5000元＋冰柜一台','2014-05-04 16:57:50','2014-05-04 16:57:50'),
	(28,182,'0',400,'冰柜一台','2014-05-04 17:01:24','2014-05-04 17:01:24'),
	(29,183,'0',400,'给予100件冰纯进场','2014-05-04 17:02:12','2014-05-04 17:02:12'),
	(30,199,'0',1000,'2000','2014-05-04 17:12:29','2014-05-04 17:12:29'),
	(31,205,'0',300,'单门冰柜一台','2014-05-04 17:16:47','2014-05-04 17:16:47'),
	(32,206,'0',350,'双门冰柜一台','2014-05-04 17:17:19','2014-05-04 17:17:19'),
	(33,208,'0',400,'冰柜一台','2014-05-04 17:18:46','2014-05-04 17:18:46'),
	(34,211,'0',200,'','2014-05-04 17:19:59','2014-05-04 17:19:59'),
	(35,243,'0',200,'1000元','2014-05-04 17:59:03','2014-05-04 17:59:03'),
	(36,244,'0',200,'1000元','2014-05-04 18:01:44','2014-05-04 18:01:44'),
	(37,245,'0',400,'单门冰柜一台','2014-05-04 18:03:27','2014-05-04 18:03:27'),
	(38,246,'0',200,'1000元','2014-05-04 18:04:44','2014-05-04 18:04:44'),
	(39,247,'0',200,'1000元','2014-05-04 18:05:54','2014-05-04 18:05:54'),
	(40,248,'0',200,'1000元','2014-05-04 18:06:47','2014-05-04 18:06:47'),
	(41,249,'0',200,'1000元','2014-05-04 18:08:03','2014-05-04 18:08:03'),
	(42,250,'0',1000,'10000元，单门冰柜一台','2014-05-04 18:09:42','2014-05-04 18:09:42'),
	(43,251,'0',200,'1000元','2014-05-04 18:10:30','2014-05-04 18:10:30'),
	(44,252,'0',400,'冰柜一台','2014-05-04 18:11:58','2014-05-04 18:11:58'),
	(45,253,'0',200,'1000元','2014-05-04 18:12:39','2014-05-04 18:12:39'),
	(46,254,'0',400,'冰柜一台','2014-05-04 18:13:36','2014-05-04 18:13:36'),
	(47,255,'0',200,'1000元','2014-05-04 18:13:52','2014-05-04 18:13:52'),
	(48,257,'0',400,'冰柜一台','2014-05-04 18:14:47','2014-05-04 18:14:47'),
	(49,259,'0',200,'冰柜一台','2014-05-04 18:15:43','2014-05-04 18:15:43'),
	(50,260,'0',600,'4000元，双门冰柜一台','2014-05-04 18:17:12','2014-05-04 18:17:12'),
	(51,261,'0',200,'','2014-05-04 18:17:45','2014-05-04 18:17:45'),
	(52,262,'0',400,'2000元＋冰柜一台','2014-05-04 18:19:16','2014-05-04 18:19:16'),
	(53,263,'0',400,'2000元+冰柜一台','2014-05-04 18:21:04','2014-05-04 18:21:04'),
	(54,274,'0',200,'冰柜一台','2014-05-05 12:18:51','2014-05-05 12:18:51'),
	(55,275,'0',400,'2000元+冰柜一台','2014-05-05 12:20:35','2014-05-05 12:20:35'),
	(56,278,'0',200,'2000元','2014-05-05 12:25:08','2014-05-05 12:25:08'),
	(57,279,'0',100,'1000元','2014-05-05 12:26:45','2014-05-05 12:26:45'),
	(58,280,'0',200,'2000元','2014-05-05 12:27:49','2014-05-05 12:27:49'),
	(59,281,'0',200,'1000元+冰柜一台','2014-05-05 12:29:00','2014-05-05 12:29:00'),
	(60,284,'0',400,'2000元+冰柜一台','2014-05-05 12:35:03','2014-05-05 12:35:03'),
	(61,287,'0',200,'1000元+冰柜一台','2014-05-05 12:42:08','2014-05-05 12:42:08');

/*!40000 ALTER TABLE `erp_branch_good` ENABLE KEYS */;
UNLOCK TABLES;


# Dump of table erp_branch_good_items
# ------------------------------------------------------------

DROP TABLE IF EXISTS `erp_branch_good_items`;

CREATE TABLE `erp_branch_good_items` (
  `id` int(10) unsigned NOT NULL AUTO_INCREMENT,
  `good_id` int(10) unsigned NOT NULL,
  `branch_id` int(10) unsigned NOT NULL,
  `sell` int(11) NOT NULL,
  `empty` int(11) NOT NULL,
  `capsule` int(11) NOT NULL,
  `created_at` timestamp NOT NULL DEFAULT '0000-00-00 00:00:00',
  `updated_at` timestamp NOT NULL DEFAULT '0000-00-00 00:00:00',
  PRIMARY KEY (`id`)
) ENGINE=InnoDB DEFAULT CHARSET=utf8 COLLATE=utf8_unicode_ci;

LOCK TABLES `erp_branch_good_items` WRITE;
/*!40000 ALTER TABLE `erp_branch_good_items` DISABLE KEYS */;

INSERT INTO `erp_branch_good_items` (`id`, `good_id`, `branch_id`, `sell`, `empty`, `capsule`, `created_at`, `updated_at`)
VALUES
	(1,1,2,60,0,0,'2014-05-07 13:03:16','2014-05-07 13:03:16'),
	(2,1,1,60,0,0,'2014-05-07 13:03:59','2014-05-07 13:03:59'),
	(3,1,50,72,0,0,'2014-05-08 20:43:54','2014-05-08 20:43:54');

/*!40000 ALTER TABLE `erp_branch_good_items` ENABLE KEYS */;
UNLOCK TABLES;


# Dump of table erp_delivery
# ------------------------------------------------------------

DROP TABLE IF EXISTS `erp_delivery`;

CREATE TABLE `erp_delivery` (
  `id` int(10) unsigned NOT NULL AUTO_INCREMENT,
  `bn` varchar(255) COLLATE utf8_unicode_ci NOT NULL,
  `real_bn` varchar(255) COLLATE utf8_unicode_ci NOT NULL,
  `ship_name` varchar(255) COLLATE utf8_unicode_ci NOT NULL,
  `ship_addr` varchar(255) COLLATE utf8_unicode_ci NOT NULL,
  `ship_mobile` varchar(255) COLLATE utf8_unicode_ci NOT NULL,
  `t_begin` timestamp NOT NULL DEFAULT '0000-00-00 00:00:00',
  `t_send` timestamp NOT NULL DEFAULT '0000-00-00 00:00:00',
  `t_confirm` timestamp NOT NULL DEFAULT '0000-00-00 00:00:00',
  `branch_id` int(10) unsigned NOT NULL,
  `user_id` int(10) unsigned NOT NULL,
  `money` varchar(255) COLLATE utf8_unicode_ci NOT NULL,
  `status` enum('1','2','3') COLLATE utf8_unicode_ci NOT NULL,
  `pay_status` enum('1','0') COLLATE utf8_unicode_ci NOT NULL,
  `memo` varchar(255) COLLATE utf8_unicode_ci NOT NULL,
  `created_at` timestamp NOT NULL DEFAULT '0000-00-00 00:00:00',
  `updated_at` timestamp NOT NULL DEFAULT '0000-00-00 00:00:00',
  `warehouse_id` int(10) unsigned NOT NULL,
  `type` enum('0','1','2','3','4','5') COLLATE utf8_unicode_ci NOT NULL,
  PRIMARY KEY (`id`)
) ENGINE=InnoDB DEFAULT CHARSET=utf8 COLLATE=utf8_unicode_ci;

LOCK TABLES `erp_delivery` WRITE;
/*!40000 ALTER TABLE `erp_delivery` DISABLE KEYS */;

INSERT INTO `erp_delivery` (`id`, `bn`, `real_bn`, `ship_name`, `ship_addr`, `ship_mobile`, `t_begin`, `t_send`, `t_confirm`, `branch_id`, `user_id`, `money`, `status`, `pay_status`, `memo`, `created_at`, `updated_at`, `warehouse_id`, `type`)
VALUES
	(1,'201405071302213373','','岚岚酒家','华南光电仪器厂','13875061581','2014-05-07 13:03:16','0000-00-00 00:00:00','0000-00-00 00:00:00',2,8,'250','1','0','','2014-05-07 13:03:16','2014-05-07 13:03:16',1,'0'),
	(2,'201405071303401023','','金典烧烤','武陵区洞庭大道文理学院西院','15074221499','2014-05-07 13:03:59','0000-00-00 00:00:00','0000-00-00 00:00:00',1,8,'250','1','0','','2014-05-07 13:03:59','2014-05-07 13:03:59',1,'0'),
	(3,'201405082043100243','','原味砂锅粥','西2洞庭大道（西）洞庭大道=','7171629','2014-05-08 20:43:54','0000-00-00 00:00:00','0000-00-00 00:00:00',50,8,'300','1','0','','2014-05-08 20:43:54','2014-05-08 20:43:54',1,'0');

/*!40000 ALTER TABLE `erp_delivery` ENABLE KEYS */;
UNLOCK TABLES;


# Dump of table erp_delivery_items
# ------------------------------------------------------------

DROP TABLE IF EXISTS `erp_delivery_items`;

CREATE TABLE `erp_delivery_items` (
  `id` int(10) unsigned NOT NULL AUTO_INCREMENT,
  `delivery_id` int(10) unsigned NOT NULL,
  `branch_id` int(10) unsigned NOT NULL,
  `good_id` int(10) unsigned NOT NULL,
  `product_id` int(10) unsigned NOT NULL,
  `good_name` varchar(255) COLLATE utf8_unicode_ci NOT NULL,
  `spec_info` varchar(255) COLLATE utf8_unicode_ci NOT NULL,
  `number` int(11) NOT NULL,
  `presentation` int(11) NOT NULL,
  `price` varchar(255) COLLATE utf8_unicode_ci NOT NULL,
  `money` varchar(255) COLLATE utf8_unicode_ci NOT NULL,
  `life_date` timestamp NOT NULL DEFAULT '0000-00-00 00:00:00',
  `warehouse_id` int(10) unsigned NOT NULL,
  `created_at` timestamp NOT NULL DEFAULT '0000-00-00 00:00:00',
  `updated_at` timestamp NOT NULL DEFAULT '0000-00-00 00:00:00',
  PRIMARY KEY (`id`)
) ENGINE=InnoDB DEFAULT CHARSET=utf8 COLLATE=utf8_unicode_ci;

LOCK TABLES `erp_delivery_items` WRITE;
/*!40000 ALTER TABLE `erp_delivery_items` DISABLE KEYS */;

INSERT INTO `erp_delivery_items` (`id`, `delivery_id`, `branch_id`, `good_id`, `product_id`, `good_name`, `spec_info`, `number`, `presentation`, `price`, `money`, `life_date`, `warehouse_id`, `created_at`, `updated_at`)
VALUES
	(1,1,2,1,1,'哈尔滨冰纯500ML-20140507','',60,0,'50','250','2014-11-03 00:00:00',1,'2014-05-07 13:03:16','2014-05-07 13:03:16'),
	(2,2,1,1,1,'哈尔滨冰纯500ML-20140507','',60,0,'50','250','2014-11-03 00:00:00',1,'2014-05-07 13:03:59','2014-05-07 13:03:59'),
	(3,3,50,1,1,'哈尔滨冰纯500ML-20140507','',72,12,'50','300','2014-11-03 00:00:00',1,'2014-05-08 20:43:54','2014-05-08 20:43:54');

/*!40000 ALTER TABLE `erp_delivery_items` ENABLE KEYS */;
UNLOCK TABLES;


# Dump of table erp_good_capsule
# ------------------------------------------------------------

DROP TABLE IF EXISTS `erp_good_capsule`;

CREATE TABLE `erp_good_capsule` (
  `id` int(10) unsigned NOT NULL AUTO_INCREMENT,
  `good_id` int(10) unsigned NOT NULL,
  `branch_id` int(10) unsigned NOT NULL,
  `capsule` int(11) NOT NULL,
  `price` varchar(255) COLLATE utf8_unicode_ci NOT NULL,
  `money` varchar(255) COLLATE utf8_unicode_ci NOT NULL,
  `created_at` timestamp NOT NULL DEFAULT '0000-00-00 00:00:00',
  `updated_at` timestamp NOT NULL DEFAULT '0000-00-00 00:00:00',
  PRIMARY KEY (`id`)
) ENGINE=InnoDB DEFAULT CHARSET=utf8 COLLATE=utf8_unicode_ci;



# Dump of table erp_good_damage
# ------------------------------------------------------------

DROP TABLE IF EXISTS `erp_good_damage`;

CREATE TABLE `erp_good_damage` (
  `id` int(10) unsigned NOT NULL AUTO_INCREMENT,
  `good_id` int(10) unsigned NOT NULL,
  `product_id` int(10) unsigned NOT NULL,
  `damage` int(11) NOT NULL,
  `damage_bn` varchar(255) COLLATE utf8_unicode_ci NOT NULL,
  `user_id` int(10) unsigned NOT NULL,
  `damage_time` timestamp NOT NULL DEFAULT '0000-00-00 00:00:00',
  `created_at` timestamp NOT NULL DEFAULT '0000-00-00 00:00:00',
  `updated_at` timestamp NOT NULL DEFAULT '0000-00-00 00:00:00',
  PRIMARY KEY (`id`)
) ENGINE=InnoDB DEFAULT CHARSET=utf8 COLLATE=utf8_unicode_ci;



# Dump of table erp_good_empty
# ------------------------------------------------------------

DROP TABLE IF EXISTS `erp_good_empty`;

CREATE TABLE `erp_good_empty` (
  `id` int(10) unsigned NOT NULL AUTO_INCREMENT,
  `mode` enum('1','2','3') COLLATE utf8_unicode_ci NOT NULL,
  `good_id` int(10) unsigned NOT NULL,
  `branch_id` int(10) unsigned NOT NULL,
  `empty` int(11) NOT NULL,
  `money` varchar(255) COLLATE utf8_unicode_ci NOT NULL,
  `delivery_id` int(10) unsigned NOT NULL,
  `created_at` timestamp NOT NULL DEFAULT '0000-00-00 00:00:00',
  `updated_at` timestamp NOT NULL DEFAULT '0000-00-00 00:00:00',
  PRIMARY KEY (`id`)
) ENGINE=InnoDB DEFAULT CHARSET=utf8 COLLATE=utf8_unicode_ci;



# Dump of table erp_good_log
# ------------------------------------------------------------

DROP TABLE IF EXISTS `erp_good_log`;

CREATE TABLE `erp_good_log` (
  `id` int(10) unsigned NOT NULL AUTO_INCREMENT,
  `good_id` int(10) unsigned NOT NULL,
  `product_id` int(10) unsigned NOT NULL,
  `user_id` int(10) unsigned NOT NULL,
  `user_name` varchar(255) COLLATE utf8_unicode_ci NOT NULL,
  `alttime` timestamp NOT NULL DEFAULT '0000-00-00 00:00:00',
  `status` enum('purchase','new','picking','price','edit','damage','replacement','allocation','empty','capsule') COLLATE utf8_unicode_ci DEFAULT NULL,
  PRIMARY KEY (`id`)
) ENGINE=InnoDB DEFAULT CHARSET=utf8 COLLATE=utf8_unicode_ci;

LOCK TABLES `erp_good_log` WRITE;
/*!40000 ALTER TABLE `erp_good_log` DISABLE KEYS */;

INSERT INTO `erp_good_log` (`id`, `good_id`, `product_id`, `user_id`, `user_name`, `alttime`, `status`)
VALUES
	(1,1,1,4,'何慧','2014-05-07 12:52:38','purchase'),
	(2,1,1,12,'观媛元','2014-05-07 12:54:06','price'),
	(3,1,1,8,'刘欢','2014-05-07 13:03:16','picking'),
	(4,1,1,8,'刘欢','2014-05-07 13:03:59','picking'),
	(5,1,1,8,'刘欢','2014-05-08 20:43:55','picking'),
	(6,7,0,13,'观媛','2014-05-12 08:42:14','new'),
	(7,8,0,18,'左莉一','2014-05-12 09:10:10','new'),
	(8,8,0,18,'左莉一','2014-05-12 09:10:35','edit'),
	(9,8,2,18,'左莉一','2014-05-12 09:13:13','purchase'),
	(10,7,0,4,'何慧','2014-05-26 09:04:16','edit'),
	(11,7,0,4,'何慧','2014-05-26 09:05:04','edit'),
	(12,8,0,4,'何慧','2014-05-26 09:05:35','edit'),
	(13,9,0,4,'何慧','2014-05-26 09:06:54','new'),
	(14,8,0,4,'何慧','2014-05-26 09:07:38','edit'),
	(15,8,0,19,'伍妍蕊','2014-06-07 15:19:56','edit'),
	(16,8,2,18,'左莉一','2014-06-07 15:26:40','edit'),
	(17,2,0,19,'伍妍蕊','2014-06-07 15:29:39','edit'),
	(18,2,0,19,'伍妍蕊','2014-06-07 15:29:52','edit'),
	(19,10,0,18,'左莉一','2014-06-07 15:45:23','new'),
	(20,10,3,18,'左莉一','2014-06-07 15:45:57','purchase');

/*!40000 ALTER TABLE `erp_good_log` ENABLE KEYS */;
UNLOCK TABLES;


# Dump of table erp_goods
# ------------------------------------------------------------

DROP TABLE IF EXISTS `erp_goods`;

CREATE TABLE `erp_goods` (
  `id` int(10) unsigned NOT NULL AUTO_INCREMENT,
  `name` varchar(255) COLLATE utf8_unicode_ci NOT NULL,
  `barcode` varchar(255) COLLATE utf8_unicode_ci NOT NULL,
  `purchase` int(11) NOT NULL,
  `sell` int(11) NOT NULL,
  `store` int(11) NOT NULL,
  `damage` int(11) NOT NULL,
  `replacement` int(11) NOT NULL,
  `unit` int(11) NOT NULL,
  `created_at` timestamp NOT NULL DEFAULT '0000-00-00 00:00:00',
  `updated_at` timestamp NOT NULL DEFAULT '0000-00-00 00:00:00',
  `empty` int(11) NOT NULL,
  `empty_unit` int(11) NOT NULL,
  `capsule_unit` varchar(255) COLLATE utf8_unicode_ci NOT NULL,
  PRIMARY KEY (`id`)
) ENGINE=InnoDB DEFAULT CHARSET=utf8 COLLATE=utf8_unicode_ci;

LOCK TABLES `erp_goods` WRITE;
/*!40000 ALTER TABLE `erp_goods` DISABLE KEYS */;

INSERT INTO `erp_goods` (`id`, `name`, `barcode`, `purchase`, `sell`, `store`, `damage`, `replacement`, `unit`, `created_at`, `updated_at`, `empty`, `empty_unit`, `capsule_unit`)
VALUES
	(1,'哈尔滨冰纯500ML','',600,204,396,0,0,12,'2014-04-21 19:21:06','2014-05-08 20:43:54',0,0,''),
	(2,'百威纯生500ML','123456741',3000,0,3000,0,0,12,'2014-04-21 19:33:05','2014-06-07 15:38:20',0,0,''),
	(3,'冰爽厅330ML','',0,0,0,0,0,24,'2014-04-25 13:51:37','2014-04-27 10:05:31',0,0,''),
	(4,'哈尔滨冰畅500ML','',0,0,0,0,0,12,'2014-04-25 13:53:18','2014-04-25 14:22:20',0,0,''),
	(5,'冰樽纯生500ML','',0,0,0,0,0,12,'2014-04-25 15:16:16','2014-04-25 15:16:39',0,0,''),
	(6,'百威金典500ML','',0,0,0,0,0,12,'2014-04-25 15:17:45','2014-04-25 15:17:45',0,0,''),
	(7,'百威厅330ML','',0,0,0,0,0,12,'2014-05-12 08:42:14','2014-05-26 09:05:04',0,0,''),
	(8,'冰纯厅500ML','',600,0,600,0,0,12,'2014-05-12 09:10:10','2014-06-07 15:26:40',0,0,''),
	(9,'冰纯小支330ML','',0,0,0,0,0,24,'2014-05-26 09:06:54','2014-05-26 09:06:54',0,0,''),
	(10,'冰樽','',120,0,120,0,0,12,'2014-06-07 15:45:23','2014-06-07 15:45:57',0,0,'');

/*!40000 ALTER TABLE `erp_goods` ENABLE KEYS */;
UNLOCK TABLES;


# Dump of table erp_line
# ------------------------------------------------------------

DROP TABLE IF EXISTS `erp_line`;

CREATE TABLE `erp_line` (
  `id` int(10) unsigned NOT NULL AUTO_INCREMENT,
  `name` varchar(255) COLLATE utf8_unicode_ci NOT NULL,
  `code` varchar(255) COLLATE utf8_unicode_ci NOT NULL,
  `created_at` timestamp NOT NULL DEFAULT '0000-00-00 00:00:00',
  `updated_at` timestamp NOT NULL DEFAULT '0000-00-00 00:00:00',
  PRIMARY KEY (`id`)
) ENGINE=InnoDB DEFAULT CHARSET=utf8 COLLATE=utf8_unicode_ci;

LOCK TABLES `erp_line` WRITE;
/*!40000 ALTER TABLE `erp_line` DISABLE KEYS */;

INSERT INTO `erp_line` (`id`, `name`, `code`, `created_at`, `updated_at`)
VALUES
	(1,'武陵大道（东）','A1','2014-04-21 19:23:35','2014-04-29 15:03:02'),
	(2,'建设路（东）','D1','2014-04-21 19:23:55','2014-04-29 15:09:51'),
	(3,'洞庭大道（东）','F1','2014-04-21 19:47:15','2014-04-29 15:12:10'),
	(4,'武陵大道（西）','A2','2014-04-29 15:04:45','2014-04-29 15:04:45'),
	(5,'沅安路（东）','B1','2014-04-29 15:06:13','2014-04-29 15:06:13'),
	(6,'沅安路（西）','B2','2014-04-29 15:06:57','2014-04-29 15:06:57'),
	(7,'人民路（东）','C1','2014-04-29 15:07:36','2014-04-29 15:07:36'),
	(8,'人民路（西）','C2','2014-04-29 15:08:04','2014-04-29 15:08:04'),
	(9,'建设路（西）','D2','2014-04-29 15:10:08','2014-04-29 15:10:08'),
	(10,'育才路（东）','E1','2014-04-29 15:10:49','2014-04-29 15:10:49'),
	(11,'育才路（西）','E2','2014-04-29 15:11:06','2014-04-29 15:11:06'),
	(12,'洞庭大道（西）','F2','2014-04-29 15:11:58','2014-04-29 15:11:58'),
	(13,'滨湖路（东）','G1','2014-04-29 15:12:45','2014-04-29 15:12:45'),
	(14,'滨湖路（西）','G2','2014-04-29 15:13:16','2014-04-29 15:13:16'),
	(15,'柳叶大道（东）','H1','2014-04-29 15:13:50','2014-04-29 15:13:50'),
	(16,'柳叶大道（西）','H2','2014-04-29 15:14:16','2014-04-29 15:14:16'),
	(17,'沙港路（东）','I1','2014-04-29 15:17:14','2014-04-29 15:17:14'),
	(18,'沙港路（西）','I2','2014-04-29 15:17:45','2014-04-29 15:17:45'),
	(19,'三星路（东）','J1','2014-04-29 15:18:29','2014-04-29 15:18:29'),
	(20,'三星路（西）','J2','2014-04-29 15:18:54','2014-04-29 15:18:54'),
	(21,'新河路（东）','K1','2014-04-29 15:19:35','2014-04-29 15:19:35'),
	(22,'新河路（西）','K2','2014-04-29 15:19:54','2014-04-29 15:19:54'),
	(23,'207国道（东）','L1','2014-04-29 15:20:19','2014-04-29 15:20:55'),
	(24,'207国道（西）','L2','2014-04-29 15:20:42','2014-04-29 15:20:42'),
	(25,'白鹤山','M','2014-04-29 15:25:58','2014-04-29 15:25:58'),
	(26,'西湖','N','2014-04-29 15:26:16','2014-04-29 15:26:16'),
	(27,'西洞庭','O','2014-04-29 15:26:29','2014-04-29 15:26:29'),
	(28,'长岭岗','P','2014-04-29 15:26:45','2014-04-29 15:26:45'),
	(29,'蒿子港','Q','2014-04-29 15:27:01','2014-04-29 15:27:01'),
	(30,'黄土店','R','2014-04-29 15:27:17','2014-04-29 15:27:17'),
	(31,'三岔港','S','2014-04-29 15:27:56','2014-04-29 15:27:56'),
	(32,'丁家港','T','2014-04-29 15:28:16','2014-04-29 15:28:16'),
	(33,'谢家铺','U','2014-04-29 15:28:32','2014-04-29 15:28:32'),
	(34,'牛鼻滩','V','2014-04-29 15:29:01','2014-04-29 15:29:01'),
	(35,'汉寿蒋家嘴','AF','2014-04-29 15:29:53','2014-04-29 15:29:53'),
	(36,'汉寿新华','AG','2014-04-29 15:30:17','2014-04-29 15:30:17'),
	(37,'汉寿龙潭桥','AH','2014-04-29 15:30:33','2014-04-29 15:30:33'),
	(38,'桃源威达','AA','2014-04-29 15:30:49','2014-04-29 15:30:49'),
	(39,'临澧潘贵','AB','2014-04-29 15:31:09','2014-04-29 15:31:09'),
	(40,'石门宇洲','AC','2014-04-29 15:31:29','2014-04-29 15:31:29'),
	(41,'安乡','AD','2014-04-29 15:31:44','2014-04-29 15:31:44'),
	(42,'津市','AE','2014-04-29 15:32:06','2014-04-29 15:32:06'),
	(43,'朝阳路','a','2014-04-29 15:36:43','2014-04-29 15:36:43'),
	(44,'皂果路','b','2014-04-29 15:36:54','2014-04-29 15:36:54'),
	(45,'龙港路','c','2014-04-29 15:37:03','2014-04-29 15:37:03'),
	(46,'芙蓉路','d','2014-04-29 15:37:13','2014-04-29 15:37:13'),
	(47,'高车路','e','2014-04-29 15:37:24','2014-04-29 15:37:24'),
	(48,'长庚路','f','2014-04-29 15:37:36','2014-04-29 15:37:36'),
	(49,'北站','g','2014-04-29 15:37:45','2014-04-29 15:37:45'),
	(50,'农校','h','2014-04-29 15:37:58','2014-04-29 15:37:58'),
	(51,'华南','i','2014-04-29 15:38:09','2014-04-29 15:38:09'),
	(52,'河伏','j','2014-04-29 15:38:28','2014-04-29 15:38:28'),
	(53,'仙源小区','k','2014-04-29 15:38:48','2014-04-29 15:38:48'),
	(54,'岩桥','l','2014-04-29 15:38:59','2014-04-29 15:38:59'),
	(55,'文理西院','d5','2014-04-29 15:39:38','2014-04-29 15:39:38'),
	(56,'火车站','a3','2014-04-29 15:45:13','2014-04-29 15:45:13'),
	(57,'长升街','d3','2014-04-29 15:46:10','2014-04-29 15:46:10'),
	(58,'长源街','d4','2014-04-29 15:46:22','2014-04-29 15:46:22'),
	(59,'电力巷','b3','2014-04-29 15:59:53','2014-04-29 15:59:53'),
	(60,'三叉路','d7','2014-04-29 16:00:15','2014-04-29 16:00:15'),
	(61,'常桃路','f3','2014-04-29 16:00:47','2014-04-29 16:00:47'),
	(62,'郭家巷','b4','2014-04-29 16:01:08','2014-04-29 16:01:08'),
	(63,'临江路','d6','2014-04-29 16:01:28','2014-04-29 16:01:28'),
	(64,'朗州路','m1','2014-04-29 16:03:30','2014-04-29 16:03:30'),
	(65,'三闾路','n1','2014-04-29 16:05:13','2014-04-29 16:05:13'),
	(66,'紫缘大桥','o1','2014-04-29 16:05:30','2014-04-29 16:05:30'),
	(67,'红庙街','p1','2014-04-29 16:05:47','2014-04-29 16:05:47'),
	(68,'文理东院','q1','2014-04-29 16:06:02','2014-04-29 16:06:02'),
	(69,'紫桥','m3','2014-04-29 16:06:23','2014-04-29 16:06:23'),
	(70,'兴民街','s1','2014-04-29 16:07:27','2014-04-29 16:07:27'),
	(71,'再就业','t3','2014-04-29 16:07:44','2014-04-29 16:07:44'),
	(72,'五岔','u1','2014-04-29 16:07:57','2014-04-29 16:07:57'),
	(73,'金钻广场','v1','2014-04-29 16:08:12','2014-04-29 16:08:12'),
	(74,'刘海巷','w1','2014-04-29 16:08:26','2014-04-29 16:08:26'),
	(75,'高山街','x1','2014-04-29 16:08:55','2014-04-29 16:08:55'),
	(76,'光荣路','y1','2014-04-29 16:09:07','2014-04-29 16:09:07'),
	(77,'湘北一村','z1','2014-04-29 16:09:21','2014-04-29 16:09:21'),
	(78,'芷兰','m2','2014-04-29 16:09:34','2014-04-29 16:09:34'),
	(79,'一村','t1','2014-04-29 16:09:48','2014-04-29 16:09:48'),
	(80,'二村','t2','2014-04-29 16:09:59','2014-04-29 16:09:59'),
	(81,'五村','n2','2014-04-29 16:10:36','2014-04-29 16:10:36'),
	(82,'六村','n3','2014-04-29 16:10:47','2014-04-29 16:10:47'),
	(83,'农资市场','r1','2014-04-29 16:11:04','2014-04-29 16:11:04'),
	(84,'青年路','t4','2014-04-29 16:11:15','2014-04-29 16:11:15');

/*!40000 ALTER TABLE `erp_line` ENABLE KEYS */;
UNLOCK TABLES;


# Dump of table erp_migrations
# ------------------------------------------------------------

DROP TABLE IF EXISTS `erp_migrations`;

CREATE TABLE `erp_migrations` (
  `migration` varchar(255) COLLATE utf8_unicode_ci NOT NULL,
  `batch` int(11) NOT NULL
) ENGINE=InnoDB DEFAULT CHARSET=utf8 COLLATE=utf8_unicode_ci;

LOCK TABLES `erp_migrations` WRITE;
/*!40000 ALTER TABLE `erp_migrations` DISABLE KEYS */;

INSERT INTO `erp_migrations` (`migration`, `batch`)
VALUES
	('2014_03_24_200222_create_users_table',1),
	('2014_03_26_084803_create_type_table',1),
	('2014_03_26_084811_create_line_table',1),
	('2014_03_26_084837_create_area_table',1),
	('2014_03_26_111505_create_goods_table',1),
	('2014_03_26_150145_create_branch_table',1),
	('2014_03_28_093748_create_delivery_table',1),
	('2014_03_28_094045_create_delivery_items_table',1),
	('2014_03_28_101134_create_good_log_table',1),
	('2014_03_28_102117_create_visit_table',1),
	('2014_03_28_103755_create_branch_good_table',1),
	('2014_03_28_104416_create_notice_table',1),
	('2014_04_05_091445_create_products_table',1),
	('2014_04_09_092240_create_replacement_table',1),
	('2014_04_10_154720_create_good_damage_table',1),
	('2014_04_28_150739_create_warehouse_table',2),
	('2014_04_28_170450_add_warehouse_id_to_products_table',2),
	('2014_04_28_170652_add_warehouse_id_to_delivery_items_table',2),
	('2014_04_29_161700_add_warehouse_id_to_delivery_table',2),
	('2014_05_08_143850_add_status_to_good_log_table',3),
	('2014_05_08_145257_create_allocation_table',3),
	('2014_05_12_195516_add_allocation_status_to_allocation_table',4),
	('2014_05_21_092323_create_branch_good_items_table',5),
	('2014_05_21_201928_add_timestamps_to_delivery_items_table',5),
	('2014_05_22_090823_add_empty_to_goods_table',5),
	('2014_05_24_150610_create_good_empty_table',5),
	('2014_05_24_154112_add_empty_to_delivery_table',5),
	('2014_06_09_203000_add_capsule_to_goods_table',6),
	('2014_06_10_193925_create_good_capsule_table',6);

/*!40000 ALTER TABLE `erp_migrations` ENABLE KEYS */;
UNLOCK TABLES;


# Dump of table erp_notice
# ------------------------------------------------------------

DROP TABLE IF EXISTS `erp_notice`;

CREATE TABLE `erp_notice` (
  `id` int(10) unsigned NOT NULL AUTO_INCREMENT,
  `user_id` int(10) unsigned NOT NULL,
  `type` enum('1','2','3','4','5') COLLATE utf8_unicode_ci NOT NULL,
  `content` varchar(255) COLLATE utf8_unicode_ci NOT NULL,
  `data` varchar(255) COLLATE utf8_unicode_ci NOT NULL,
  `read` enum('1','0') COLLATE utf8_unicode_ci NOT NULL,
  `timeline` timestamp NOT NULL DEFAULT '0000-00-00 00:00:00',
  PRIMARY KEY (`id`)
) ENGINE=InnoDB DEFAULT CHARSET=utf8 COLLATE=utf8_unicode_ci;

LOCK TABLES `erp_notice` WRITE;
/*!40000 ALTER TABLE `erp_notice` DISABLE KEYS */;

INSERT INTO `erp_notice` (`id`, `user_id`, `type`, `content`, `data`, `read`, `timeline`)
VALUES
	(1,8,'5','客户（原味砂锅粥）的出货单（201405082043100243）中商品（哈尔滨冰纯500ML-20140507）2014-11-03 过期！','{\"branch_id\":\"50\",\"delivery_id\":\"3\"}','0','2014-09-05 03:05:01'),
	(2,8,'5','客户（金典烧烤）的出货单（201405071303401023）中商品（哈尔滨冰纯500ML-20140507）2014-11-03 过期！','{\"branch_id\":\"1\",\"delivery_id\":\"2\"}','0','2014-09-05 03:05:01'),
	(3,8,'5','客户（岚岚酒家）的出货单（201405071302213373）中商品（哈尔滨冰纯500ML-20140507）2014-11-03 过期！','{\"branch_id\":\"2\",\"delivery_id\":\"1\"}','0','2014-09-05 03:05:01'),
	(4,8,'5','客户（原味砂锅粥）的出货单（201405082043100243）中商品（哈尔滨冰纯500ML-20140507）2014-11-03 过期！','{\"branch_id\":\"50\",\"delivery_id\":\"3\"}','0','2014-09-06 03:05:01'),
	(5,8,'5','客户（金典烧烤）的出货单（201405071303401023）中商品（哈尔滨冰纯500ML-20140507）2014-11-03 过期！','{\"branch_id\":\"1\",\"delivery_id\":\"2\"}','0','2014-09-06 03:05:02'),
	(6,8,'5','客户（岚岚酒家）的出货单（201405071302213373）中商品（哈尔滨冰纯500ML-20140507）2014-11-03 过期！','{\"branch_id\":\"2\",\"delivery_id\":\"1\"}','0','2014-09-06 03:05:02'),
	(7,8,'5','客户（原味砂锅粥）的出货单（201405082043100243）中商品（哈尔滨冰纯500ML-20140507）2014-11-03 过期！','{\"branch_id\":\"50\",\"delivery_id\":\"3\"}','0','2014-09-07 03:05:02'),
	(8,8,'5','客户（金典烧烤）的出货单（201405071303401023）中商品（哈尔滨冰纯500ML-20140507）2014-11-03 过期！','{\"branch_id\":\"1\",\"delivery_id\":\"2\"}','0','2014-09-07 03:05:02'),
	(9,8,'5','客户（岚岚酒家）的出货单（201405071302213373）中商品（哈尔滨冰纯500ML-20140507）2014-11-03 过期！','{\"branch_id\":\"2\",\"delivery_id\":\"1\"}','0','2014-09-07 03:05:02'),
	(10,8,'5','客户（原味砂锅粥）的出货单（201405082043100243）中商品（哈尔滨冰纯500ML-20140507）2014-11-03 过期！','{\"branch_id\":\"50\",\"delivery_id\":\"3\"}','0','2014-09-08 03:05:01'),
	(11,8,'5','客户（金典烧烤）的出货单（201405071303401023）中商品（哈尔滨冰纯500ML-20140507）2014-11-03 过期！','{\"branch_id\":\"1\",\"delivery_id\":\"2\"}','0','2014-09-08 03:05:01'),
	(12,8,'5','客户（岚岚酒家）的出货单（201405071302213373）中商品（哈尔滨冰纯500ML-20140507）2014-11-03 过期！','{\"branch_id\":\"2\",\"delivery_id\":\"1\"}','0','2014-09-08 03:05:01'),
	(13,8,'5','客户（原味砂锅粥）的出货单（201405082043100243）中商品（哈尔滨冰纯500ML-20140507）2014-11-03 过期！','{\"branch_id\":\"50\",\"delivery_id\":\"3\"}','0','2014-09-09 03:05:02'),
	(14,8,'5','客户（金典烧烤）的出货单（201405071303401023）中商品（哈尔滨冰纯500ML-20140507）2014-11-03 过期！','{\"branch_id\":\"1\",\"delivery_id\":\"2\"}','0','2014-09-09 03:05:02'),
	(15,8,'5','客户（岚岚酒家）的出货单（201405071302213373）中商品（哈尔滨冰纯500ML-20140507）2014-11-03 过期！','{\"branch_id\":\"2\",\"delivery_id\":\"1\"}','0','2014-09-09 03:05:02'),
	(16,8,'5','客户（原味砂锅粥）的出货单（201405082043100243）中商品（哈尔滨冰纯500ML-20140507）2014-11-03 过期！','{\"branch_id\":\"50\",\"delivery_id\":\"3\"}','0','2014-09-10 03:05:01'),
	(17,8,'5','客户（金典烧烤）的出货单（201405071303401023）中商品（哈尔滨冰纯500ML-20140507）2014-11-03 过期！','{\"branch_id\":\"1\",\"delivery_id\":\"2\"}','0','2014-09-10 03:05:01'),
	(18,8,'5','客户（岚岚酒家）的出货单（201405071302213373）中商品（哈尔滨冰纯500ML-20140507）2014-11-03 过期！','{\"branch_id\":\"2\",\"delivery_id\":\"1\"}','0','2014-09-10 03:05:01'),
	(19,8,'5','客户（原味砂锅粥）的出货单（201405082043100243）中商品（哈尔滨冰纯500ML-20140507）2014-11-03 过期！','{\"branch_id\":\"50\",\"delivery_id\":\"3\"}','0','2014-09-11 03:05:01'),
	(20,8,'5','客户（金典烧烤）的出货单（201405071303401023）中商品（哈尔滨冰纯500ML-20140507）2014-11-03 过期！','{\"branch_id\":\"1\",\"delivery_id\":\"2\"}','0','2014-09-11 03:05:01'),
	(21,8,'5','客户（岚岚酒家）的出货单（201405071302213373）中商品（哈尔滨冰纯500ML-20140507）2014-11-03 过期！','{\"branch_id\":\"2\",\"delivery_id\":\"1\"}','0','2014-09-11 03:05:01'),
	(22,8,'5','客户（原味砂锅粥）的出货单（201405082043100243）中商品（哈尔滨冰纯500ML-20140507）2014-11-03 过期！','{\"branch_id\":\"50\",\"delivery_id\":\"3\"}','0','2014-09-12 03:05:01'),
	(23,8,'5','客户（金典烧烤）的出货单（201405071303401023）中商品（哈尔滨冰纯500ML-20140507）2014-11-03 过期！','{\"branch_id\":\"1\",\"delivery_id\":\"2\"}','0','2014-09-12 03:05:01'),
	(24,8,'5','客户（岚岚酒家）的出货单（201405071302213373）中商品（哈尔滨冰纯500ML-20140507）2014-11-03 过期！','{\"branch_id\":\"2\",\"delivery_id\":\"1\"}','0','2014-09-12 03:05:01'),
	(25,8,'5','客户（原味砂锅粥）的出货单（201405082043100243）中商品（哈尔滨冰纯500ML-20140507）2014-11-03 过期！','{\"branch_id\":\"50\",\"delivery_id\":\"3\"}','0','2014-09-13 03:05:01'),
	(26,8,'5','客户（金典烧烤）的出货单（201405071303401023）中商品（哈尔滨冰纯500ML-20140507）2014-11-03 过期！','{\"branch_id\":\"1\",\"delivery_id\":\"2\"}','0','2014-09-13 03:05:01'),
	(27,8,'5','客户（岚岚酒家）的出货单（201405071302213373）中商品（哈尔滨冰纯500ML-20140507）2014-11-03 过期！','{\"branch_id\":\"2\",\"delivery_id\":\"1\"}','0','2014-09-13 03:05:01'),
	(28,8,'5','客户（原味砂锅粥）的出货单（201405082043100243）中商品（哈尔滨冰纯500ML-20140507）2014-11-03 过期！','{\"branch_id\":\"50\",\"delivery_id\":\"3\"}','0','2014-09-14 03:05:01'),
	(29,8,'5','客户（金典烧烤）的出货单（201405071303401023）中商品（哈尔滨冰纯500ML-20140507）2014-11-03 过期！','{\"branch_id\":\"1\",\"delivery_id\":\"2\"}','0','2014-09-14 03:05:01'),
	(30,8,'5','客户（岚岚酒家）的出货单（201405071302213373）中商品（哈尔滨冰纯500ML-20140507）2014-11-03 过期！','{\"branch_id\":\"2\",\"delivery_id\":\"1\"}','0','2014-09-14 03:05:01'),
	(31,8,'5','客户（原味砂锅粥）的出货单（201405082043100243）中商品（哈尔滨冰纯500ML-20140507）2014-11-03 过期！','{\"branch_id\":\"50\",\"delivery_id\":\"3\"}','0','2014-09-15 03:05:01'),
	(32,8,'5','客户（金典烧烤）的出货单（201405071303401023）中商品（哈尔滨冰纯500ML-20140507）2014-11-03 过期！','{\"branch_id\":\"1\",\"delivery_id\":\"2\"}','0','2014-09-15 03:05:01'),
	(33,8,'5','客户（岚岚酒家）的出货单（201405071302213373）中商品（哈尔滨冰纯500ML-20140507）2014-11-03 过期！','{\"branch_id\":\"2\",\"delivery_id\":\"1\"}','0','2014-09-15 03:05:01'),
	(34,8,'5','客户（原味砂锅粥）的出货单（201405082043100243）中商品（哈尔滨冰纯500ML-20140507）2014-11-03 过期！','{\"branch_id\":\"50\",\"delivery_id\":\"3\"}','0','2014-09-16 03:05:01'),
	(35,8,'5','客户（金典烧烤）的出货单（201405071303401023）中商品（哈尔滨冰纯500ML-20140507）2014-11-03 过期！','{\"branch_id\":\"1\",\"delivery_id\":\"2\"}','0','2014-09-16 03:05:01'),
	(36,8,'5','客户（岚岚酒家）的出货单（201405071302213373）中商品（哈尔滨冰纯500ML-20140507）2014-11-03 过期！','{\"branch_id\":\"2\",\"delivery_id\":\"1\"}','0','2014-09-16 03:05:01'),
	(37,8,'5','客户（原味砂锅粥）的出货单（201405082043100243）中商品（哈尔滨冰纯500ML-20140507）2014-11-03 过期！','{\"branch_id\":\"50\",\"delivery_id\":\"3\"}','0','2014-09-17 03:05:02'),
	(38,8,'5','客户（金典烧烤）的出货单（201405071303401023）中商品（哈尔滨冰纯500ML-20140507）2014-11-03 过期！','{\"branch_id\":\"1\",\"delivery_id\":\"2\"}','0','2014-09-17 03:05:02'),
	(39,8,'5','客户（岚岚酒家）的出货单（201405071302213373）中商品（哈尔滨冰纯500ML-20140507）2014-11-03 过期！','{\"branch_id\":\"2\",\"delivery_id\":\"1\"}','0','2014-09-17 03:05:02'),
	(40,8,'5','客户（原味砂锅粥）的出货单（201405082043100243）中商品（哈尔滨冰纯500ML-20140507）2014-11-03 过期！','{\"branch_id\":\"50\",\"delivery_id\":\"3\"}','0','2014-09-18 03:05:01'),
	(41,8,'5','客户（金典烧烤）的出货单（201405071303401023）中商品（哈尔滨冰纯500ML-20140507）2014-11-03 过期！','{\"branch_id\":\"1\",\"delivery_id\":\"2\"}','0','2014-09-18 03:05:01'),
	(42,8,'5','客户（岚岚酒家）的出货单（201405071302213373）中商品（哈尔滨冰纯500ML-20140507）2014-11-03 过期！','{\"branch_id\":\"2\",\"delivery_id\":\"1\"}','0','2014-09-18 03:05:01'),
	(43,8,'5','客户（原味砂锅粥）的出货单（201405082043100243）中商品（哈尔滨冰纯500ML-20140507）2014-11-03 过期！','{\"branch_id\":\"50\",\"delivery_id\":\"3\"}','0','2014-09-19 03:05:01'),
	(44,8,'5','客户（金典烧烤）的出货单（201405071303401023）中商品（哈尔滨冰纯500ML-20140507）2014-11-03 过期！','{\"branch_id\":\"1\",\"delivery_id\":\"2\"}','0','2014-09-19 03:05:01'),
	(45,8,'5','客户（岚岚酒家）的出货单（201405071302213373）中商品（哈尔滨冰纯500ML-20140507）2014-11-03 过期！','{\"branch_id\":\"2\",\"delivery_id\":\"1\"}','0','2014-09-19 03:05:01'),
	(46,8,'5','客户（原味砂锅粥）的出货单（201405082043100243）中商品（哈尔滨冰纯500ML-20140507）2014-11-03 过期！','{\"branch_id\":\"50\",\"delivery_id\":\"3\"}','0','2014-09-20 03:05:01'),
	(47,8,'5','客户（金典烧烤）的出货单（201405071303401023）中商品（哈尔滨冰纯500ML-20140507）2014-11-03 过期！','{\"branch_id\":\"1\",\"delivery_id\":\"2\"}','0','2014-09-20 03:05:01'),
	(48,8,'5','客户（岚岚酒家）的出货单（201405071302213373）中商品（哈尔滨冰纯500ML-20140507）2014-11-03 过期！','{\"branch_id\":\"2\",\"delivery_id\":\"1\"}','0','2014-09-20 03:05:01'),
	(49,8,'5','客户（原味砂锅粥）的出货单（201405082043100243）中商品（哈尔滨冰纯500ML-20140507）2014-11-03 过期！','{\"branch_id\":\"50\",\"delivery_id\":\"3\"}','0','2014-09-21 03:05:02'),
	(50,8,'5','客户（金典烧烤）的出货单（201405071303401023）中商品（哈尔滨冰纯500ML-20140507）2014-11-03 过期！','{\"branch_id\":\"1\",\"delivery_id\":\"2\"}','0','2014-09-21 03:05:02'),
	(51,8,'5','客户（岚岚酒家）的出货单（201405071302213373）中商品（哈尔滨冰纯500ML-20140507）2014-11-03 过期！','{\"branch_id\":\"2\",\"delivery_id\":\"1\"}','0','2014-09-21 03:05:02'),
	(52,8,'5','客户（原味砂锅粥）的出货单（201405082043100243）中商品（哈尔滨冰纯500ML-20140507）2014-11-03 过期！','{\"branch_id\":\"50\",\"delivery_id\":\"3\"}','0','2014-09-22 03:05:01'),
	(53,8,'5','客户（金典烧烤）的出货单（201405071303401023）中商品（哈尔滨冰纯500ML-20140507）2014-11-03 过期！','{\"branch_id\":\"1\",\"delivery_id\":\"2\"}','0','2014-09-22 03:05:01'),
	(54,8,'5','客户（岚岚酒家）的出货单（201405071302213373）中商品（哈尔滨冰纯500ML-20140507）2014-11-03 过期！','{\"branch_id\":\"2\",\"delivery_id\":\"1\"}','0','2014-09-22 03:05:01'),
	(55,8,'5','客户（原味砂锅粥）的出货单（201405082043100243）中商品（哈尔滨冰纯500ML-20140507）2014-11-03 过期！','{\"branch_id\":\"50\",\"delivery_id\":\"3\"}','0','2014-09-23 03:05:01'),
	(56,8,'5','客户（金典烧烤）的出货单（201405071303401023）中商品（哈尔滨冰纯500ML-20140507）2014-11-03 过期！','{\"branch_id\":\"1\",\"delivery_id\":\"2\"}','0','2014-09-23 03:05:01'),
	(57,8,'5','客户（岚岚酒家）的出货单（201405071302213373）中商品（哈尔滨冰纯500ML-20140507）2014-11-03 过期！','{\"branch_id\":\"2\",\"delivery_id\":\"1\"}','0','2014-09-23 03:05:01'),
	(58,8,'5','客户（原味砂锅粥）的出货单（201405082043100243）中商品（哈尔滨冰纯500ML-20140507）2014-11-03 过期！','{\"branch_id\":\"50\",\"delivery_id\":\"3\"}','0','2014-09-24 03:05:01'),
	(59,8,'5','客户（金典烧烤）的出货单（201405071303401023）中商品（哈尔滨冰纯500ML-20140507）2014-11-03 过期！','{\"branch_id\":\"1\",\"delivery_id\":\"2\"}','0','2014-09-24 03:05:01'),
	(60,8,'5','客户（岚岚酒家）的出货单（201405071302213373）中商品（哈尔滨冰纯500ML-20140507）2014-11-03 过期！','{\"branch_id\":\"2\",\"delivery_id\":\"1\"}','0','2014-09-24 03:05:01'),
	(61,8,'5','客户（原味砂锅粥）的出货单（201405082043100243）中商品（哈尔滨冰纯500ML-20140507）2014-11-03 过期！','{\"branch_id\":\"50\",\"delivery_id\":\"3\"}','0','2014-09-25 03:05:01'),
	(62,8,'5','客户（金典烧烤）的出货单（201405071303401023）中商品（哈尔滨冰纯500ML-20140507）2014-11-03 过期！','{\"branch_id\":\"1\",\"delivery_id\":\"2\"}','0','2014-09-25 03:05:01'),
	(63,8,'5','客户（岚岚酒家）的出货单（201405071302213373）中商品（哈尔滨冰纯500ML-20140507）2014-11-03 过期！','{\"branch_id\":\"2\",\"delivery_id\":\"1\"}','0','2014-09-25 03:05:01'),
	(64,8,'5','客户（原味砂锅粥）的出货单（201405082043100243）中商品（哈尔滨冰纯500ML-20140507）2014-11-03 过期！','{\"branch_id\":\"50\",\"delivery_id\":\"3\"}','0','2014-09-26 03:05:01'),
	(65,8,'5','客户（金典烧烤）的出货单（201405071303401023）中商品（哈尔滨冰纯500ML-20140507）2014-11-03 过期！','{\"branch_id\":\"1\",\"delivery_id\":\"2\"}','0','2014-09-26 03:05:01'),
	(66,8,'5','客户（岚岚酒家）的出货单（201405071302213373）中商品（哈尔滨冰纯500ML-20140507）2014-11-03 过期！','{\"branch_id\":\"2\",\"delivery_id\":\"1\"}','0','2014-09-26 03:05:01'),
	(67,8,'5','客户（原味砂锅粥）的出货单（201405082043100243）中商品（哈尔滨冰纯500ML-20140507）2014-11-03 过期！','{\"branch_id\":\"50\",\"delivery_id\":\"3\"}','0','2014-09-27 03:05:01'),
	(68,8,'5','客户（金典烧烤）的出货单（201405071303401023）中商品（哈尔滨冰纯500ML-20140507）2014-11-03 过期！','{\"branch_id\":\"1\",\"delivery_id\":\"2\"}','0','2014-09-27 03:05:01'),
	(69,8,'5','客户（岚岚酒家）的出货单（201405071302213373）中商品（哈尔滨冰纯500ML-20140507）2014-11-03 过期！','{\"branch_id\":\"2\",\"delivery_id\":\"1\"}','0','2014-09-27 03:05:01'),
	(70,8,'5','客户（原味砂锅粥）的出货单（201405082043100243）中商品（哈尔滨冰纯500ML-20140507）2014-11-03 过期！','{\"branch_id\":\"50\",\"delivery_id\":\"3\"}','0','2014-09-28 03:05:01'),
	(71,8,'5','客户（金典烧烤）的出货单（201405071303401023）中商品（哈尔滨冰纯500ML-20140507）2014-11-03 过期！','{\"branch_id\":\"1\",\"delivery_id\":\"2\"}','0','2014-09-28 03:05:01'),
	(72,8,'5','客户（岚岚酒家）的出货单（201405071302213373）中商品（哈尔滨冰纯500ML-20140507）2014-11-03 过期！','{\"branch_id\":\"2\",\"delivery_id\":\"1\"}','0','2014-09-28 03:05:01'),
	(73,8,'5','客户（原味砂锅粥）的出货单（201405082043100243）中商品（哈尔滨冰纯500ML-20140507）2014-11-03 过期！','{\"branch_id\":\"50\",\"delivery_id\":\"3\"}','0','2014-09-29 03:05:01'),
	(74,8,'5','客户（金典烧烤）的出货单（201405071303401023）中商品（哈尔滨冰纯500ML-20140507）2014-11-03 过期！','{\"branch_id\":\"1\",\"delivery_id\":\"2\"}','0','2014-09-29 03:05:01'),
	(75,8,'5','客户（岚岚酒家）的出货单（201405071302213373）中商品（哈尔滨冰纯500ML-20140507）2014-11-03 过期！','{\"branch_id\":\"2\",\"delivery_id\":\"1\"}','0','2014-09-29 03:05:01'),
	(76,8,'5','客户（原味砂锅粥）的出货单（201405082043100243）中商品（哈尔滨冰纯500ML-20140507）2014-11-03 过期！','{\"branch_id\":\"50\",\"delivery_id\":\"3\"}','0','2014-09-30 03:05:01'),
	(77,8,'5','客户（金典烧烤）的出货单（201405071303401023）中商品（哈尔滨冰纯500ML-20140507）2014-11-03 过期！','{\"branch_id\":\"1\",\"delivery_id\":\"2\"}','0','2014-09-30 03:05:01'),
	(78,8,'5','客户（岚岚酒家）的出货单（201405071302213373）中商品（哈尔滨冰纯500ML-20140507）2014-11-03 过期！','{\"branch_id\":\"2\",\"delivery_id\":\"1\"}','0','2014-09-30 03:05:01'),
	(79,8,'5','客户（原味砂锅粥）的出货单（201405082043100243）中商品（哈尔滨冰纯500ML-20140507）2014-11-03 过期！','{\"branch_id\":\"50\",\"delivery_id\":\"3\"}','0','2014-10-01 03:05:01'),
	(80,8,'5','客户（金典烧烤）的出货单（201405071303401023）中商品（哈尔滨冰纯500ML-20140507）2014-11-03 过期！','{\"branch_id\":\"1\",\"delivery_id\":\"2\"}','0','2014-10-01 03:05:01'),
	(81,8,'5','客户（岚岚酒家）的出货单（201405071302213373）中商品（哈尔滨冰纯500ML-20140507）2014-11-03 过期！','{\"branch_id\":\"2\",\"delivery_id\":\"1\"}','0','2014-10-01 03:05:01'),
	(82,8,'5','客户（原味砂锅粥）的出货单（201405082043100243）中商品（哈尔滨冰纯500ML-20140507）2014-11-03 过期！','{\"branch_id\":\"50\",\"delivery_id\":\"3\"}','0','2014-10-02 03:05:01'),
	(83,8,'5','客户（金典烧烤）的出货单（201405071303401023）中商品（哈尔滨冰纯500ML-20140507）2014-11-03 过期！','{\"branch_id\":\"1\",\"delivery_id\":\"2\"}','0','2014-10-02 03:05:01'),
	(84,8,'5','客户（岚岚酒家）的出货单（201405071302213373）中商品（哈尔滨冰纯500ML-20140507）2014-11-03 过期！','{\"branch_id\":\"2\",\"delivery_id\":\"1\"}','0','2014-10-02 03:05:01'),
	(85,8,'5','客户（原味砂锅粥）的出货单（201405082043100243）中商品（哈尔滨冰纯500ML-20140507）2014-11-03 过期！','{\"branch_id\":\"50\",\"delivery_id\":\"3\"}','0','2014-10-03 03:05:01'),
	(86,8,'5','客户（金典烧烤）的出货单（201405071303401023）中商品（哈尔滨冰纯500ML-20140507）2014-11-03 过期！','{\"branch_id\":\"1\",\"delivery_id\":\"2\"}','0','2014-10-03 03:05:01'),
	(87,8,'5','客户（岚岚酒家）的出货单（201405071302213373）中商品（哈尔滨冰纯500ML-20140507）2014-11-03 过期！','{\"branch_id\":\"2\",\"delivery_id\":\"1\"}','0','2014-10-03 03:05:01'),
	(88,8,'5','客户（原味砂锅粥）的出货单（201405082043100243）中商品（哈尔滨冰纯500ML-20140507）2014-11-03 过期！','{\"branch_id\":\"50\",\"delivery_id\":\"3\"}','0','2014-10-04 03:05:02'),
	(89,8,'5','客户（金典烧烤）的出货单（201405071303401023）中商品（哈尔滨冰纯500ML-20140507）2014-11-03 过期！','{\"branch_id\":\"1\",\"delivery_id\":\"2\"}','0','2014-10-04 03:05:02'),
	(90,8,'5','客户（岚岚酒家）的出货单（201405071302213373）中商品（哈尔滨冰纯500ML-20140507）2014-11-03 过期！','{\"branch_id\":\"2\",\"delivery_id\":\"1\"}','0','2014-10-04 03:05:02'),
	(91,8,'5','客户（原味砂锅粥）的出货单（201405082043100243）中商品（哈尔滨冰纯500ML-20140507）2014-11-03 过期！','{\"branch_id\":\"50\",\"delivery_id\":\"3\"}','0','2014-10-05 03:05:01'),
	(92,8,'5','客户（金典烧烤）的出货单（201405071303401023）中商品（哈尔滨冰纯500ML-20140507）2014-11-03 过期！','{\"branch_id\":\"1\",\"delivery_id\":\"2\"}','0','2014-10-05 03:05:01'),
	(93,8,'5','客户（岚岚酒家）的出货单（201405071302213373）中商品（哈尔滨冰纯500ML-20140507）2014-11-03 过期！','{\"branch_id\":\"2\",\"delivery_id\":\"1\"}','0','2014-10-05 03:05:01'),
	(94,8,'5','客户（原味砂锅粥）的出货单（201405082043100243）中商品（哈尔滨冰纯500ML-20140507）2014-11-03 过期！','{\"branch_id\":\"50\",\"delivery_id\":\"3\"}','0','2014-10-06 03:05:01'),
	(95,8,'5','客户（金典烧烤）的出货单（201405071303401023）中商品（哈尔滨冰纯500ML-20140507）2014-11-03 过期！','{\"branch_id\":\"1\",\"delivery_id\":\"2\"}','0','2014-10-06 03:05:01'),
	(96,8,'5','客户（岚岚酒家）的出货单（201405071302213373）中商品（哈尔滨冰纯500ML-20140507）2014-11-03 过期！','{\"branch_id\":\"2\",\"delivery_id\":\"1\"}','0','2014-10-06 03:05:01'),
	(97,8,'5','客户（原味砂锅粥）的出货单（201405082043100243）中商品（哈尔滨冰纯500ML-20140507）2014-11-03 过期！','{\"branch_id\":\"50\",\"delivery_id\":\"3\"}','0','2014-10-07 03:05:01'),
	(98,8,'5','客户（金典烧烤）的出货单（201405071303401023）中商品（哈尔滨冰纯500ML-20140507）2014-11-03 过期！','{\"branch_id\":\"1\",\"delivery_id\":\"2\"}','0','2014-10-07 03:05:01'),
	(99,8,'5','客户（岚岚酒家）的出货单（201405071302213373）中商品（哈尔滨冰纯500ML-20140507）2014-11-03 过期！','{\"branch_id\":\"2\",\"delivery_id\":\"1\"}','0','2014-10-07 03:05:01'),
	(100,8,'5','客户（原味砂锅粥）的出货单（201405082043100243）中商品（哈尔滨冰纯500ML-20140507）2014-11-03 过期！','{\"branch_id\":\"50\",\"delivery_id\":\"3\"}','0','2014-10-08 03:05:01'),
	(101,8,'5','客户（金典烧烤）的出货单（201405071303401023）中商品（哈尔滨冰纯500ML-20140507）2014-11-03 过期！','{\"branch_id\":\"1\",\"delivery_id\":\"2\"}','0','2014-10-08 03:05:01'),
	(102,8,'5','客户（岚岚酒家）的出货单（201405071302213373）中商品（哈尔滨冰纯500ML-20140507）2014-11-03 过期！','{\"branch_id\":\"2\",\"delivery_id\":\"1\"}','0','2014-10-08 03:05:01'),
	(103,8,'5','客户（原味砂锅粥）的出货单（201405082043100243）中商品（哈尔滨冰纯500ML-20140507）2014-11-03 过期！','{\"branch_id\":\"50\",\"delivery_id\":\"3\"}','0','2014-10-09 03:05:01'),
	(104,8,'5','客户（金典烧烤）的出货单（201405071303401023）中商品（哈尔滨冰纯500ML-20140507）2014-11-03 过期！','{\"branch_id\":\"1\",\"delivery_id\":\"2\"}','0','2014-10-09 03:05:01'),
	(105,8,'5','客户（岚岚酒家）的出货单（201405071302213373）中商品（哈尔滨冰纯500ML-20140507）2014-11-03 过期！','{\"branch_id\":\"2\",\"delivery_id\":\"1\"}','0','2014-10-09 03:05:01'),
	(106,8,'5','客户（原味砂锅粥）的出货单（201405082043100243）中商品（哈尔滨冰纯500ML-20140507）2014-11-03 过期！','{\"branch_id\":\"50\",\"delivery_id\":\"3\"}','0','2014-10-10 03:05:01'),
	(107,8,'5','客户（金典烧烤）的出货单（201405071303401023）中商品（哈尔滨冰纯500ML-20140507）2014-11-03 过期！','{\"branch_id\":\"1\",\"delivery_id\":\"2\"}','0','2014-10-10 03:05:01'),
	(108,8,'5','客户（岚岚酒家）的出货单（201405071302213373）中商品（哈尔滨冰纯500ML-20140507）2014-11-03 过期！','{\"branch_id\":\"2\",\"delivery_id\":\"1\"}','0','2014-10-10 03:05:01'),
	(109,8,'5','客户（原味砂锅粥）的出货单（201405082043100243）中商品（哈尔滨冰纯500ML-20140507）2014-11-03 过期！','{\"branch_id\":\"50\",\"delivery_id\":\"3\"}','0','2014-10-11 03:05:01'),
	(110,8,'5','客户（金典烧烤）的出货单（201405071303401023）中商品（哈尔滨冰纯500ML-20140507）2014-11-03 过期！','{\"branch_id\":\"1\",\"delivery_id\":\"2\"}','0','2014-10-11 03:05:01'),
	(111,8,'5','客户（岚岚酒家）的出货单（201405071302213373）中商品（哈尔滨冰纯500ML-20140507）2014-11-03 过期！','{\"branch_id\":\"2\",\"delivery_id\":\"1\"}','0','2014-10-11 03:05:01'),
	(112,8,'5','客户（原味砂锅粥）的出货单（201405082043100243）中商品（哈尔滨冰纯500ML-20140507）2014-11-03 过期！','{\"branch_id\":\"50\",\"delivery_id\":\"3\"}','0','2014-10-12 03:05:01'),
	(113,8,'5','客户（金典烧烤）的出货单（201405071303401023）中商品（哈尔滨冰纯500ML-20140507）2014-11-03 过期！','{\"branch_id\":\"1\",\"delivery_id\":\"2\"}','0','2014-10-12 03:05:01'),
	(114,8,'5','客户（岚岚酒家）的出货单（201405071302213373）中商品（哈尔滨冰纯500ML-20140507）2014-11-03 过期！','{\"branch_id\":\"2\",\"delivery_id\":\"1\"}','0','2014-10-12 03:05:01'),
	(115,8,'5','客户（原味砂锅粥）的出货单（201405082043100243）中商品（哈尔滨冰纯500ML-20140507）2014-11-03 过期！','{\"branch_id\":\"50\",\"delivery_id\":\"3\"}','0','2014-10-13 03:05:01'),
	(116,8,'5','客户（金典烧烤）的出货单（201405071303401023）中商品（哈尔滨冰纯500ML-20140507）2014-11-03 过期！','{\"branch_id\":\"1\",\"delivery_id\":\"2\"}','0','2014-10-13 03:05:01'),
	(117,8,'5','客户（岚岚酒家）的出货单（201405071302213373）中商品（哈尔滨冰纯500ML-20140507）2014-11-03 过期！','{\"branch_id\":\"2\",\"delivery_id\":\"1\"}','0','2014-10-13 03:05:01'),
	(118,8,'5','客户（原味砂锅粥）的出货单（201405082043100243）中商品（哈尔滨冰纯500ML-20140507）2014-11-03 过期！','{\"branch_id\":\"50\",\"delivery_id\":\"3\"}','0','2014-10-14 03:05:01'),
	(119,8,'5','客户（金典烧烤）的出货单（201405071303401023）中商品（哈尔滨冰纯500ML-20140507）2014-11-03 过期！','{\"branch_id\":\"1\",\"delivery_id\":\"2\"}','0','2014-10-14 03:05:01'),
	(120,8,'5','客户（岚岚酒家）的出货单（201405071302213373）中商品（哈尔滨冰纯500ML-20140507）2014-11-03 过期！','{\"branch_id\":\"2\",\"delivery_id\":\"1\"}','0','2014-10-14 03:05:01'),
	(121,8,'5','客户（原味砂锅粥）的出货单（201405082043100243）中商品（哈尔滨冰纯500ML-20140507）2014-11-03 过期！','{\"branch_id\":\"50\",\"delivery_id\":\"3\"}','0','2014-10-15 03:05:01'),
	(122,8,'5','客户（金典烧烤）的出货单（201405071303401023）中商品（哈尔滨冰纯500ML-20140507）2014-11-03 过期！','{\"branch_id\":\"1\",\"delivery_id\":\"2\"}','0','2014-10-15 03:05:02'),
	(123,8,'5','客户（岚岚酒家）的出货单（201405071302213373）中商品（哈尔滨冰纯500ML-20140507）2014-11-03 过期！','{\"branch_id\":\"2\",\"delivery_id\":\"1\"}','0','2014-10-15 03:05:02'),
	(124,8,'5','客户（原味砂锅粥）的出货单（201405082043100243）中商品（哈尔滨冰纯500ML-20140507）2014-11-03 过期！','{\"branch_id\":\"50\",\"delivery_id\":\"3\"}','0','2014-10-16 03:05:02'),
	(125,8,'5','客户（金典烧烤）的出货单（201405071303401023）中商品（哈尔滨冰纯500ML-20140507）2014-11-03 过期！','{\"branch_id\":\"1\",\"delivery_id\":\"2\"}','0','2014-10-16 03:05:02'),
	(126,8,'5','客户（岚岚酒家）的出货单（201405071302213373）中商品（哈尔滨冰纯500ML-20140507）2014-11-03 过期！','{\"branch_id\":\"2\",\"delivery_id\":\"1\"}','0','2014-10-16 03:05:02'),
	(127,8,'5','客户（原味砂锅粥）的出货单（201405082043100243）中商品（哈尔滨冰纯500ML-20140507）2014-11-03 过期！','{\"branch_id\":\"50\",\"delivery_id\":\"3\"}','0','2014-10-17 03:05:01'),
	(128,8,'5','客户（金典烧烤）的出货单（201405071303401023）中商品（哈尔滨冰纯500ML-20140507）2014-11-03 过期！','{\"branch_id\":\"1\",\"delivery_id\":\"2\"}','0','2014-10-17 03:05:01'),
	(129,8,'5','客户（岚岚酒家）的出货单（201405071302213373）中商品（哈尔滨冰纯500ML-20140507）2014-11-03 过期！','{\"branch_id\":\"2\",\"delivery_id\":\"1\"}','0','2014-10-17 03:05:01'),
	(130,8,'5','客户（原味砂锅粥）的出货单（201405082043100243）中商品（哈尔滨冰纯500ML-20140507）2014-11-03 过期！','{\"branch_id\":\"50\",\"delivery_id\":\"3\"}','0','2014-10-18 03:05:01'),
	(131,8,'5','客户（金典烧烤）的出货单（201405071303401023）中商品（哈尔滨冰纯500ML-20140507）2014-11-03 过期！','{\"branch_id\":\"1\",\"delivery_id\":\"2\"}','0','2014-10-18 03:05:01'),
	(132,8,'5','客户（岚岚酒家）的出货单（201405071302213373）中商品（哈尔滨冰纯500ML-20140507）2014-11-03 过期！','{\"branch_id\":\"2\",\"delivery_id\":\"1\"}','0','2014-10-18 03:05:01'),
	(133,8,'5','客户（原味砂锅粥）的出货单（201405082043100243）中商品（哈尔滨冰纯500ML-20140507）2014-11-03 过期！','{\"branch_id\":\"50\",\"delivery_id\":\"3\"}','0','2014-10-19 03:05:01'),
	(134,8,'5','客户（金典烧烤）的出货单（201405071303401023）中商品（哈尔滨冰纯500ML-20140507）2014-11-03 过期！','{\"branch_id\":\"1\",\"delivery_id\":\"2\"}','0','2014-10-19 03:05:01'),
	(135,8,'5','客户（岚岚酒家）的出货单（201405071302213373）中商品（哈尔滨冰纯500ML-20140507）2014-11-03 过期！','{\"branch_id\":\"2\",\"delivery_id\":\"1\"}','0','2014-10-19 03:05:01'),
	(136,8,'5','客户（原味砂锅粥）的出货单（201405082043100243）中商品（哈尔滨冰纯500ML-20140507）2014-11-03 过期！','{\"branch_id\":\"50\",\"delivery_id\":\"3\"}','0','2014-10-20 03:05:01'),
	(137,8,'5','客户（金典烧烤）的出货单（201405071303401023）中商品（哈尔滨冰纯500ML-20140507）2014-11-03 过期！','{\"branch_id\":\"1\",\"delivery_id\":\"2\"}','0','2014-10-20 03:05:01'),
	(138,8,'5','客户（岚岚酒家）的出货单（201405071302213373）中商品（哈尔滨冰纯500ML-20140507）2014-11-03 过期！','{\"branch_id\":\"2\",\"delivery_id\":\"1\"}','0','2014-10-20 03:05:01'),
	(139,8,'5','客户（原味砂锅粥）的出货单（201405082043100243）中商品（哈尔滨冰纯500ML-20140507）2014-11-03 过期！','{\"branch_id\":\"50\",\"delivery_id\":\"3\"}','0','2014-10-21 03:05:01'),
	(140,8,'5','客户（金典烧烤）的出货单（201405071303401023）中商品（哈尔滨冰纯500ML-20140507）2014-11-03 过期！','{\"branch_id\":\"1\",\"delivery_id\":\"2\"}','0','2014-10-21 03:05:01'),
	(141,8,'5','客户（岚岚酒家）的出货单（201405071302213373）中商品（哈尔滨冰纯500ML-20140507）2014-11-03 过期！','{\"branch_id\":\"2\",\"delivery_id\":\"1\"}','0','2014-10-21 03:05:01'),
	(142,8,'5','客户（原味砂锅粥）的出货单（201405082043100243）中商品（哈尔滨冰纯500ML-20140507）2014-11-03 过期！','{\"branch_id\":\"50\",\"delivery_id\":\"3\"}','0','2014-10-22 03:05:01'),
	(143,8,'5','客户（金典烧烤）的出货单（201405071303401023）中商品（哈尔滨冰纯500ML-20140507）2014-11-03 过期！','{\"branch_id\":\"1\",\"delivery_id\":\"2\"}','0','2014-10-22 03:05:01'),
	(144,8,'5','客户（岚岚酒家）的出货单（201405071302213373）中商品（哈尔滨冰纯500ML-20140507）2014-11-03 过期！','{\"branch_id\":\"2\",\"delivery_id\":\"1\"}','0','2014-10-22 03:05:01'),
	(145,8,'5','客户（原味砂锅粥）的出货单（201405082043100243）中商品（哈尔滨冰纯500ML-20140507）2014-11-03 过期！','{\"branch_id\":\"50\",\"delivery_id\":\"3\"}','0','2014-10-23 03:05:01'),
	(146,8,'5','客户（金典烧烤）的出货单（201405071303401023）中商品（哈尔滨冰纯500ML-20140507）2014-11-03 过期！','{\"branch_id\":\"1\",\"delivery_id\":\"2\"}','0','2014-10-23 03:05:01'),
	(147,8,'5','客户（岚岚酒家）的出货单（201405071302213373）中商品（哈尔滨冰纯500ML-20140507）2014-11-03 过期！','{\"branch_id\":\"2\",\"delivery_id\":\"1\"}','0','2014-10-23 03:05:01'),
	(148,8,'5','客户（原味砂锅粥）的出货单（201405082043100243）中商品（哈尔滨冰纯500ML-20140507）2014-11-03 过期！','{\"branch_id\":\"50\",\"delivery_id\":\"3\"}','0','2014-10-24 03:05:01'),
	(149,8,'5','客户（金典烧烤）的出货单（201405071303401023）中商品（哈尔滨冰纯500ML-20140507）2014-11-03 过期！','{\"branch_id\":\"1\",\"delivery_id\":\"2\"}','0','2014-10-24 03:05:01'),
	(150,8,'5','客户（岚岚酒家）的出货单（201405071302213373）中商品（哈尔滨冰纯500ML-20140507）2014-11-03 过期！','{\"branch_id\":\"2\",\"delivery_id\":\"1\"}','0','2014-10-24 03:05:01'),
	(151,8,'5','客户（原味砂锅粥）的出货单（201405082043100243）中商品（哈尔滨冰纯500ML-20140507）2014-11-03 过期！','{\"branch_id\":\"50\",\"delivery_id\":\"3\"}','0','2014-10-25 03:05:02'),
	(152,8,'5','客户（金典烧烤）的出货单（201405071303401023）中商品（哈尔滨冰纯500ML-20140507）2014-11-03 过期！','{\"branch_id\":\"1\",\"delivery_id\":\"2\"}','0','2014-10-25 03:05:02'),
	(153,8,'5','客户（岚岚酒家）的出货单（201405071302213373）中商品（哈尔滨冰纯500ML-20140507）2014-11-03 过期！','{\"branch_id\":\"2\",\"delivery_id\":\"1\"}','0','2014-10-25 03:05:02'),
	(154,8,'5','客户（原味砂锅粥）的出货单（201405082043100243）中商品（哈尔滨冰纯500ML-20140507）2014-11-03 过期！','{\"branch_id\":\"50\",\"delivery_id\":\"3\"}','0','2014-10-26 03:05:01'),
	(155,8,'5','客户（金典烧烤）的出货单（201405071303401023）中商品（哈尔滨冰纯500ML-20140507）2014-11-03 过期！','{\"branch_id\":\"1\",\"delivery_id\":\"2\"}','0','2014-10-26 03:05:01'),
	(156,8,'5','客户（岚岚酒家）的出货单（201405071302213373）中商品（哈尔滨冰纯500ML-20140507）2014-11-03 过期！','{\"branch_id\":\"2\",\"delivery_id\":\"1\"}','0','2014-10-26 03:05:01'),
	(157,8,'5','客户（原味砂锅粥）的出货单（201405082043100243）中商品（哈尔滨冰纯500ML-20140507）2014-11-03 过期！','{\"branch_id\":\"50\",\"delivery_id\":\"3\"}','0','2014-10-27 03:05:02'),
	(158,8,'5','客户（金典烧烤）的出货单（201405071303401023）中商品（哈尔滨冰纯500ML-20140507）2014-11-03 过期！','{\"branch_id\":\"1\",\"delivery_id\":\"2\"}','0','2014-10-27 03:05:02'),
	(159,8,'5','客户（岚岚酒家）的出货单（201405071302213373）中商品（哈尔滨冰纯500ML-20140507）2014-11-03 过期！','{\"branch_id\":\"2\",\"delivery_id\":\"1\"}','0','2014-10-27 03:05:02'),
	(160,8,'5','客户（原味砂锅粥）的出货单（201405082043100243）中商品（哈尔滨冰纯500ML-20140507）2014-11-03 过期！','{\"branch_id\":\"50\",\"delivery_id\":\"3\"}','0','2014-10-28 03:05:01'),
	(161,8,'5','客户（金典烧烤）的出货单（201405071303401023）中商品（哈尔滨冰纯500ML-20140507）2014-11-03 过期！','{\"branch_id\":\"1\",\"delivery_id\":\"2\"}','0','2014-10-28 03:05:01'),
	(162,8,'5','客户（岚岚酒家）的出货单（201405071302213373）中商品（哈尔滨冰纯500ML-20140507）2014-11-03 过期！','{\"branch_id\":\"2\",\"delivery_id\":\"1\"}','0','2014-10-28 03:05:01'),
	(163,8,'5','客户（原味砂锅粥）的出货单（201405082043100243）中商品（哈尔滨冰纯500ML-20140507）2014-11-03 过期！','{\"branch_id\":\"50\",\"delivery_id\":\"3\"}','0','2014-10-29 03:05:01'),
	(164,8,'5','客户（金典烧烤）的出货单（201405071303401023）中商品（哈尔滨冰纯500ML-20140507）2014-11-03 过期！','{\"branch_id\":\"1\",\"delivery_id\":\"2\"}','0','2014-10-29 03:05:01'),
	(165,8,'5','客户（岚岚酒家）的出货单（201405071302213373）中商品（哈尔滨冰纯500ML-20140507）2014-11-03 过期！','{\"branch_id\":\"2\",\"delivery_id\":\"1\"}','0','2014-10-29 03:05:01'),
	(166,8,'5','客户（原味砂锅粥）的出货单（201405082043100243）中商品（哈尔滨冰纯500ML-20140507）2014-11-03 过期！','{\"branch_id\":\"50\",\"delivery_id\":\"3\"}','0','2014-10-30 03:05:01'),
	(167,8,'5','客户（金典烧烤）的出货单（201405071303401023）中商品（哈尔滨冰纯500ML-20140507）2014-11-03 过期！','{\"branch_id\":\"1\",\"delivery_id\":\"2\"}','0','2014-10-30 03:05:01'),
	(168,8,'5','客户（岚岚酒家）的出货单（201405071302213373）中商品（哈尔滨冰纯500ML-20140507）2014-11-03 过期！','{\"branch_id\":\"2\",\"delivery_id\":\"1\"}','0','2014-10-30 03:05:01'),
	(169,8,'5','客户（原味砂锅粥）的出货单（201405082043100243）中商品（哈尔滨冰纯500ML-20140507）2014-11-03 过期！','{\"branch_id\":\"50\",\"delivery_id\":\"3\"}','0','2014-10-31 03:05:01'),
	(170,8,'5','客户（金典烧烤）的出货单（201405071303401023）中商品（哈尔滨冰纯500ML-20140507）2014-11-03 过期！','{\"branch_id\":\"1\",\"delivery_id\":\"2\"}','0','2014-10-31 03:05:01'),
	(171,8,'5','客户（岚岚酒家）的出货单（201405071302213373）中商品（哈尔滨冰纯500ML-20140507）2014-11-03 过期！','{\"branch_id\":\"2\",\"delivery_id\":\"1\"}','0','2014-10-31 03:05:01'),
	(172,8,'5','客户（原味砂锅粥）的出货单（201405082043100243）中商品（哈尔滨冰纯500ML-20140507）2014-11-03 过期！','{\"branch_id\":\"50\",\"delivery_id\":\"3\"}','0','2014-11-01 03:05:01'),
	(173,8,'5','客户（金典烧烤）的出货单（201405071303401023）中商品（哈尔滨冰纯500ML-20140507）2014-11-03 过期！','{\"branch_id\":\"1\",\"delivery_id\":\"2\"}','0','2014-11-01 03:05:01'),
	(174,8,'5','客户（岚岚酒家）的出货单（201405071302213373）中商品（哈尔滨冰纯500ML-20140507）2014-11-03 过期！','{\"branch_id\":\"2\",\"delivery_id\":\"1\"}','0','2014-11-01 03:05:01'),
	(175,8,'5','客户（原味砂锅粥）的出货单（201405082043100243）中商品（哈尔滨冰纯500ML-20140507）2014-11-03 过期！','{\"branch_id\":\"50\",\"delivery_id\":\"3\"}','0','2014-11-02 03:05:01'),
	(176,8,'5','客户（金典烧烤）的出货单（201405071303401023）中商品（哈尔滨冰纯500ML-20140507）2014-11-03 过期！','{\"branch_id\":\"1\",\"delivery_id\":\"2\"}','0','2014-11-02 03:05:01'),
	(177,8,'5','客户（岚岚酒家）的出货单（201405071302213373）中商品（哈尔滨冰纯500ML-20140507）2014-11-03 过期！','{\"branch_id\":\"2\",\"delivery_id\":\"1\"}','0','2014-11-02 03:05:01');

/*!40000 ALTER TABLE `erp_notice` ENABLE KEYS */;
UNLOCK TABLES;


# Dump of table erp_products
# ------------------------------------------------------------

DROP TABLE IF EXISTS `erp_products`;

CREATE TABLE `erp_products` (
  `id` int(10) unsigned NOT NULL AUTO_INCREMENT,
  `good_id` int(10) unsigned NOT NULL,
  `purchase` int(11) NOT NULL,
  `sell` int(11) NOT NULL,
  `store` int(11) NOT NULL,
  `damage` int(11) NOT NULL,
  `replacement` int(11) NOT NULL,
  `cost` varchar(255) COLLATE utf8_unicode_ci NOT NULL,
  `price` varchar(255) COLLATE utf8_unicode_ci NOT NULL,
  `production_date` timestamp NOT NULL DEFAULT '0000-00-00 00:00:00',
  `life` int(11) NOT NULL,
  `cost_date` timestamp NOT NULL DEFAULT '0000-00-00 00:00:00',
  `life_date` timestamp NOT NULL DEFAULT '0000-00-00 00:00:00',
  `created_at` timestamp NOT NULL DEFAULT '0000-00-00 00:00:00',
  `updated_at` timestamp NOT NULL DEFAULT '0000-00-00 00:00:00',
  `warehouse_id` int(10) unsigned NOT NULL,
  `empty` int(11) NOT NULL,
  PRIMARY KEY (`id`)
) ENGINE=InnoDB DEFAULT CHARSET=utf8 COLLATE=utf8_unicode_ci;

LOCK TABLES `erp_products` WRITE;
/*!40000 ALTER TABLE `erp_products` DISABLE KEYS */;

INSERT INTO `erp_products` (`id`, `good_id`, `purchase`, `sell`, `store`, `damage`, `replacement`, `cost`, `price`, `production_date`, `life`, `cost_date`, `life_date`, `created_at`, `updated_at`, `warehouse_id`, `empty`)
VALUES
	(1,1,600,204,396,0,0,'39.9','50','2014-05-07 00:00:00',180,'2014-05-07 00:00:00','2014-11-03 00:00:00','2014-05-07 12:52:38','2014-05-08 20:43:54',1,0),
	(2,8,600,0,600,0,0,'0','0','2014-04-24 00:00:00',180,'2014-05-12 00:00:00','2014-10-21 00:00:00','2014-05-12 09:13:13','2014-06-07 15:26:40',2,0),
	(3,10,120,0,120,0,0,'0','0','2014-06-05 00:00:00',180,'2014-06-07 00:00:00','2014-12-02 00:00:00','2014-06-07 15:45:57','2014-06-07 15:45:57',2,0);

/*!40000 ALTER TABLE `erp_products` ENABLE KEYS */;
UNLOCK TABLES;


# Dump of table erp_replacement
# ------------------------------------------------------------

DROP TABLE IF EXISTS `erp_replacement`;

CREATE TABLE `erp_replacement` (
  `id` int(10) unsigned NOT NULL AUTO_INCREMENT,
  `branch_id` int(10) unsigned NOT NULL,
  `good_id` int(10) unsigned NOT NULL,
  `product_id` int(10) unsigned NOT NULL,
  `delivery_id` int(10) unsigned NOT NULL,
  `new_product_id` int(10) unsigned NOT NULL,
  `product_num` int(11) NOT NULL,
  `user_id` int(10) unsigned NOT NULL,
  `alttime` timestamp NOT NULL DEFAULT '0000-00-00 00:00:00',
  PRIMARY KEY (`id`)
) ENGINE=InnoDB DEFAULT CHARSET=utf8 COLLATE=utf8_unicode_ci;



# Dump of table erp_type
# ------------------------------------------------------------

DROP TABLE IF EXISTS `erp_type`;

CREATE TABLE `erp_type` (
  `id` int(10) unsigned NOT NULL AUTO_INCREMENT,
  `name` varchar(255) COLLATE utf8_unicode_ci NOT NULL,
  `code` varchar(255) COLLATE utf8_unicode_ci NOT NULL,
  `day` int(11) NOT NULL,
  `created_at` timestamp NOT NULL DEFAULT '0000-00-00 00:00:00',
  `updated_at` timestamp NOT NULL DEFAULT '0000-00-00 00:00:00',
  PRIMARY KEY (`id`)
) ENGINE=InnoDB DEFAULT CHARSET=utf8 COLLATE=utf8_unicode_ci;

LOCK TABLES `erp_type` WRITE;
/*!40000 ALTER TABLE `erp_type` DISABLE KEYS */;

INSERT INTO `erp_type` (`id`, `name`, `code`, `day`, `created_at`, `updated_at`)
VALUES
	(1,'A类中餐馆（有销售合同）','A1',5,'2014-04-21 19:46:33','2014-05-04 17:25:26'),
	(2,'B类中餐馆（有销售合同）','B1',5,'2014-04-25 13:40:55','2014-05-04 12:58:55'),
	(3,'C类中餐馆（有销售合同）','C1',5,'2014-05-04 12:59:26','2014-05-04 12:59:26'),
	(4,'A类中餐馆（无销售合同)','A2',10,'2014-05-04 13:00:29','2014-05-04 13:01:42'),
	(5,'B类中餐馆（无销售合同）','B2',10,'2014-05-04 13:01:00','2014-05-04 13:01:00'),
	(6,'C类中餐馆（无销售合同）','C2',10,'2014-05-04 13:01:24','2014-05-04 13:01:24'),
	(7,'A类宵夜（2000件以上或合同专场）','D1',5,'2014-05-04 13:03:16','2014-05-04 13:04:45'),
	(8,'B类宵夜（1000件以上有销售合同）','E1',5,'2014-05-04 13:05:31','2014-05-04 13:05:31'),
	(9,'C类宵夜（200件以上有销售合同）','F1',5,'2014-05-04 13:06:50','2014-05-04 13:06:50'),
	(10,'C类宵夜（无销售合同）','F2',10,'2014-05-04 13:08:13','2014-05-04 13:08:13'),
	(11,'宵夜有配送有销售合同','D2',5,'2014-05-04 13:11:36','2014-05-04 13:11:36'),
	(12,'流通A有配送(年销售大于500件)','G1',5,'2014-05-04 13:15:18','2014-05-04 13:15:18'),
	(13,'流通B类（年销售低于500件）','G2',5,'2014-05-04 13:16:11','2014-05-04 13:16:11'),
	(14,'流通大户','H',5,'2014-05-04 13:18:13','2014-05-04 13:18:13'),
	(15,'乡镇经销商','J',10,'2014-05-04 13:19:10','2014-05-04 13:19:10'),
	(16,'乡镇流通售点','K',20,'2014-05-04 13:19:56','2014-05-04 13:21:14'),
	(17,'乡镇餐饮售点','K2',20,'2014-05-04 13:21:45','2014-05-04 13:21:45'),
	(18,'县城经销商','X',30,'2014-05-04 13:22:42','2014-05-04 13:22:42');

/*!40000 ALTER TABLE `erp_type` ENABLE KEYS */;
UNLOCK TABLES;


# Dump of table erp_users
# ------------------------------------------------------------

DROP TABLE IF EXISTS `erp_users`;

CREATE TABLE `erp_users` (
  `id` int(10) unsigned NOT NULL AUTO_INCREMENT,
  `username` varchar(255) COLLATE utf8_unicode_ci NOT NULL,
  `password` varchar(255) COLLATE utf8_unicode_ci NOT NULL,
  `mobile` varchar(255) COLLATE utf8_unicode_ci NOT NULL,
  `grade` enum('1','5','6','7','10') COLLATE utf8_unicode_ci NOT NULL,
  `disable` enum('0','1') COLLATE utf8_unicode_ci NOT NULL,
  `last_signin_at` timestamp NOT NULL DEFAULT '0000-00-00 00:00:00',
  `created_at` timestamp NOT NULL DEFAULT '0000-00-00 00:00:00',
  `updated_at` timestamp NOT NULL DEFAULT '0000-00-00 00:00:00',
  PRIMARY KEY (`id`)
) ENGINE=InnoDB DEFAULT CHARSET=utf8 COLLATE=utf8_unicode_ci;

LOCK TABLES `erp_users` WRITE;
/*!40000 ALTER TABLE `erp_users` DISABLE KEYS */;

INSERT INTO `erp_users` (`id`, `username`, `password`, `mobile`, `grade`, `disable`, `last_signin_at`, `created_at`, `updated_at`)
VALUES
	(1,'cooper','$2y$10$qUKslh4kJq8xzBsjgBHnvekfSURtQG9tTkbEIsVrqrJN3OyT.KMWW','18888888880','1','0','2014-12-26 10:40:31','2014-04-21 14:03:25','2014-04-23 15:00:52'),
	(2,'伍进泽','$2y$10$ehCym0vVQAA7TBOTA/FUO.EE1opu/74o7d7P1xQEdhvHB421.xYau','18973665555','1','0','2014-08-31 08:53:40','2014-04-21 19:16:50','2014-05-04 13:40:30'),
	(3,'高习民','$2y$10$ZLtPIUrjF1cgJv9mY47J8Oq43T/hGMX6SRfyo9pESQpdY9iNnZLFa','13511178828','10','0','2014-06-07 16:06:17','2014-04-21 19:19:13','2014-04-21 19:19:54'),
	(4,'何慧','$2y$10$Nq3QMCzRYBW4v5.uge6Jv.J4eJoMfMyr52ysbKgNfkOZzxVTAebQu','15115786068','6','0','2014-05-26 09:01:23','2014-04-21 19:29:48','2014-04-25 15:35:50'),
	(5,'左莉','$2y$10$tkzA4VTHt5zty.6BzOZUuu4cpTLDx3i0FBA7A0RnfBIBo7oaCVE9a','18173609620','5','0','2014-04-29 17:49:05','2014-04-21 19:38:24','2014-04-25 12:26:31'),
	(6,'黄伟','$2y$10$6X6qEvwFh0TMxRoZ0yUKcu..TPTXQEO5a3wcJQyBu4DJXtoq8.gzS','15507361718','10','0','2014-05-07 12:49:02','2014-04-21 19:38:59','2014-05-05 12:04:21'),
	(7,'黄伟俊','$2y$10$aAMZFAZCO8/eC36nP1fc6.zZnMUPVc/KhnDWLeP/Mt22/V5PI/G4a','13511111111','10','0','2014-05-04 13:48:25','2014-04-21 19:39:26','2014-04-21 19:39:26'),
	(8,'刘欢','$2y$10$qrO2PsC5z59SwE7Cbn9CxunW0YExTNQjYkR3HhU79Nz59lSDJnFP.','18073638590','10','0','2014-05-08 20:42:42','2014-04-21 19:39:49','2014-05-04 13:28:06'),
	(9,'杨群','$2y$10$bH.WD8YaSoq9Qhw7txBRc.RRJLjCHbICRskSG7D26Il6VV6wqP1E.','13511111111','10','0','2014-05-05 20:02:56','2014-04-21 19:40:22','2014-04-21 19:40:22'),
	(10,'周中科','$2y$10$s2jUM4ZdBgcBeW4zHNn4SulDSjrIAWXxSyaiRrh1gdWpaJ4hMiDZ.','13511111111','10','0','0000-00-00 00:00:00','2014-04-21 19:41:01','2014-04-21 19:41:01'),
	(11,'左桔','$2y$10$yjT23N.M/7UKZyBOEc50j.e61kG44NYw6CYM7ztTb.ujMp.yLdSCe','13511111111','5','0','2014-04-26 10:08:04','2014-04-21 19:41:39','2014-04-21 19:41:39'),
	(12,'观媛元','$2y$10$xTo1.9XP5uxJoAsRgUHaVuaJ2KL.N7j4Eqhswqi6EqumeHPjQbB/2','13873693389','5','0','2014-10-17 12:17:20','2014-04-21 19:42:32','2014-04-23 18:04:56'),
	(13,'观媛','$2y$10$g/t9M9nP2eHHtC6tvVdWOuYvqQ9Jk7aCT4mfB/hMAFk9gJXbziEqC','12345678901','1','0','2014-06-07 16:19:18','2014-04-25 13:46:20','2014-04-25 13:46:34'),
	(14,'刘欢一','$2y$10$d8QWeuSV1rzdPDLTtMwMzeisOU7TZ80bPgYIccG/P0H8tTj2MP1Kq','12345678901','1','0','2014-07-26 19:53:10','2014-05-04 13:47:09','2014-05-04 13:47:19'),
	(15,'黄伟一','$2y$10$imVXbfMrc9geiD8251Mz7uqd13s93wNafs8baIowdKWXZjrpTJXUO','12345678901','1','0','2014-05-05 12:13:06','2014-05-04 13:48:01','2014-05-04 13:48:09'),
	(16,'黄伟俊一','$2y$10$sm6q72pNglJvGSbZlmi1u.L6qns47A0MijPpY5v1wrHin8aRRtNR2','12345678901','1','0','2014-05-04 14:16:43','2014-05-04 13:48:53','2014-05-04 13:49:08'),
	(17,'杨群一','$2y$10$bmI5/ztGBluK9NZ066InBejzOQA0sGKnvSQqC8mDZRBpmtTxc.U0m','12345678901','1','0','0000-00-00 00:00:00','2014-05-04 13:50:27','2014-05-04 13:50:27'),
	(18,'左莉一','$2y$10$/2pov6alzj1HU9DulPpTn.bFTUvbCYYNCa.kUpzxiEUCLz5Ql1Bqu','12345678912','6','0','2014-06-07 15:44:31','2014-05-07 13:13:34','2014-05-07 13:14:04'),
	(19,'伍妍蕊','$2y$10$wl9zYiZG3tPRERQ9Gx5Ahee/7EiK5yuJ0aOoaw.lgYS.CkifgdjIO','18673618080','6','0','2014-06-07 15:28:06','2014-06-07 15:16:03','2014-06-07 15:16:03');

/*!40000 ALTER TABLE `erp_users` ENABLE KEYS */;
UNLOCK TABLES;


# Dump of table erp_visit
# ------------------------------------------------------------

DROP TABLE IF EXISTS `erp_visit`;

CREATE TABLE `erp_visit` (
  `id` int(10) unsigned NOT NULL AUTO_INCREMENT,
  `branch_id` int(10) unsigned NOT NULL,
  `user_id` int(10) unsigned NOT NULL,
  `comment` varchar(255) COLLATE utf8_unicode_ci NOT NULL,
  `visit_at` timestamp NOT NULL DEFAULT '0000-00-00 00:00:00',
  `check` enum('0','1') COLLATE utf8_unicode_ci NOT NULL,
  PRIMARY KEY (`id`)
) ENGINE=InnoDB DEFAULT CHARSET=utf8 COLLATE=utf8_unicode_ci;

LOCK TABLES `erp_visit` WRITE;
/*!40000 ALTER TABLE `erp_visit` DISABLE KEYS */;

INSERT INTO `erp_visit` (`id`, `branch_id`, `user_id`, `comment`, `visit_at`, `check`)
VALUES
	(1,5,8,'正常','2014-05-05 19:49:47','0'),
	(2,15,8,'发陈列。换货','2014-05-05 19:50:45','0'),
	(3,24,8,'发陈列','2014-05-05 19:51:11','0'),
	(4,30,8,'发陈列','2014-05-05 19:51:36','0'),
	(5,37,8,'发陈列。补货14件。冰纯','2014-05-05 19:52:26','0'),
	(6,40,8,'发陈列','2014-05-05 19:52:49','0'),
	(7,38,8,'发陈列','2014-05-05 19:53:04','0'),
	(8,42,8,'发陈列','2014-05-05 19:53:23','0'),
	(9,46,8,'发陈列','2014-05-05 19:54:23','0'),
	(10,57,8,'发陈列','2014-05-05 19:54:43','0'),
	(11,48,8,'发陈列','2014-05-05 19:55:03','0'),
	(12,66,8,'发陈列','2014-05-05 19:55:49','0'),
	(13,69,8,'发陈列','2014-05-05 19:56:05','0'),
	(14,72,8,'发陈列。老板自己喝完，。酒不好卖','2014-05-05 19:56:52','0'),
	(15,73,8,'发陈列','2014-05-05 19:57:08','0'),
	(16,98,8,'发陈列','2014-05-05 19:57:37','0'),
	(17,99,8,'发陈列','2014-05-05 19:57:52','0'),
	(18,61,8,'发陈列','2014-05-05 19:59:35','0'),
	(19,105,9,'发陈列','2014-05-05 20:03:11','0'),
	(20,107,9,'发陈列','2014-05-05 20:03:21','0'),
	(21,108,9,'发陈列','2014-05-05 20:03:31','0'),
	(22,109,9,'发陈列','2014-05-05 20:03:41','0'),
	(23,111,9,'发陈列','2014-05-05 20:04:01','0'),
	(24,112,9,'发陈列','2014-05-05 20:04:20','0'),
	(25,116,9,'发陈列','2014-05-05 20:04:32','0'),
	(26,114,9,'发陈列','2014-05-05 20:05:09','0'),
	(27,116,9,'发陈列','2014-05-05 20:06:35','0'),
	(28,126,9,'发陈列','2014-05-05 20:06:51','0'),
	(29,133,9,'发陈列','2014-05-05 20:07:07','0'),
	(30,136,9,'发陈列','2014-05-05 20:07:19','0'),
	(31,138,9,'发陈列','2014-05-05 20:07:33','0'),
	(32,140,9,'发陈列','2014-05-05 20:07:47','0'),
	(33,143,9,'发陈列','2014-05-05 20:07:57','0'),
	(34,155,9,'发陈列','2014-05-05 20:08:13','0'),
	(35,75,6,'ok','2014-05-07 12:49:54','0'),
	(36,75,6,'ok','2014-05-07 12:50:14','0'),
	(37,75,6,'中国人民','2014-05-07 12:50:38','0'),
	(38,75,6,'发陈列','2014-05-07 12:51:08','0'),
	(39,75,6,'阿迪开发呢','2014-05-07 12:52:18','0'),
	(40,8,8,'正常','2014-05-07 12:53:19','0'),
	(41,289,8,'送货10件小哈','2014-05-07 21:29:20','0');

/*!40000 ALTER TABLE `erp_visit` ENABLE KEYS */;
UNLOCK TABLES;


# Dump of table erp_warehouse
# ------------------------------------------------------------

DROP TABLE IF EXISTS `erp_warehouse`;

CREATE TABLE `erp_warehouse` (
  `id` int(10) unsigned NOT NULL AUTO_INCREMENT,
  `name` varchar(255) COLLATE utf8_unicode_ci NOT NULL,
  `user_id` int(10) unsigned NOT NULL,
  `created_at` timestamp NOT NULL DEFAULT '0000-00-00 00:00:00',
  `updated_at` timestamp NOT NULL DEFAULT '0000-00-00 00:00:00',
  PRIMARY KEY (`id`)
) ENGINE=InnoDB DEFAULT CHARSET=utf8 COLLATE=utf8_unicode_ci;

LOCK TABLES `erp_warehouse` WRITE;
/*!40000 ALTER TABLE `erp_warehouse` DISABLE KEYS */;

INSERT INTO `erp_warehouse` (`id`, `name`, `user_id`, `created_at`, `updated_at`)
VALUES
	(1,'仓库1',4,'2014-05-04 10:21:48','2014-05-04 10:21:48'),
	(2,'仓库2',18,'2014-05-12 08:41:05','2014-05-12 08:41:05');

/*!40000 ALTER TABLE `erp_warehouse` ENABLE KEYS */;
UNLOCK TABLES;



/*!40111 SET SQL_NOTES=@OLD_SQL_NOTES */;
/*!40101 SET SQL_MODE=@OLD_SQL_MODE */;
/*!40014 SET FOREIGN_KEY_CHECKS=@OLD_FOREIGN_KEY_CHECKS */;
/*!40101 SET CHARACTER_SET_CLIENT=@OLD_CHARACTER_SET_CLIENT */;
/*!40101 SET CHARACTER_SET_RESULTS=@OLD_CHARACTER_SET_RESULTS */;
/*!40101 SET COLLATION_CONNECTION=@OLD_COLLATION_CONNECTION */;
